refcat,m2,label,destacar,multipoligono
45155A00100027,8276,00027,si,no
45155A00100029,1661,00029,si,no
45155A00100030,4492,00030,si,no
45155A00100031,2052,00031,si,no
45155A00100032,718,00032,si,no
45155A00100033,1036,00033,si,no
45155A00100034,1020,00034,si,no
45155A00100035,2971,00035,si,no
45155A00100036,1774,00036,si,no
45155A00100037,2120,00037,si,no
45155A00100038,521,00038,si,no
45155A00100039,692,00039,si,no
45155A00100040,765,00040,si,no
45155A00100041,958,00041,si,no
45155A00100046,502,00046,si,no
45155A00100047,791,00047,si,no
45155A00100048,813,00048,si,no
45155A00100049,1974,00049,si,no
45155A00100050,1375,00050,si,no
45155A00100051,572,00051,si,no
45155A00100052,1646,00052,si,no
45155A00100053,1768,00053,si,no
45155A00100054,1603,00054,si,no
45155A00100063,2191,00063,si,no
45155A00100066,690,00066,si,no
45155A00100067,512,00067,si,no
45155A00100068,1016,00068,si,no
45155A00100069,615,00069,si,no
45155A00100070,15047,00070,si,no
45155A00100071,4979,00071,si,no
45155A00100075,3157,00075,si,no
45155A00100076,1016,00076,si,no
45155A00100077,706,00077,si,no
45155A00100078,735,00078,si,no
45155A00100079,3932,00079,si,no
45155A00100080,4992,00080,si,no
45155A00100081,3795,00081,si,no
45155A00100082,2494,00082,si,no
45155A00100083,1778,00083,si,no
45155A00100084,673,00084,si,no
45155A00100085,857,00085,si,no
45155A00100086,1050,00086,si,no
45155A00100087,1316,00087,si,no
45155A00100088,1249,00088,si,no
45155A00100089,1258,00089,si,no
45155A00100090,1000,00090,si,no
45155A00100096,570,00096,si,no
45155A00100097,573,00097,si,no
45155A00100098,3543,00098,si,no
45155A00100099,4598,00099,si,no
45155A00100100,2042,00100,si,no
45155A00100101,4880,00101,si,no
45155A00100102,5201,00102,si,no
45155A00100103,1318,00103,si,no
45155A00100104,997,00104,si,no
45155A00100105,1344,00105,si,no
45155A00100109,3094,00109,si,no
45155A00100111,2140,00111,si,no
45155A00100112,1404,00112,si,no
45155A00100113,2074,00113,si,no
45155A00100114,2590,00114,si,no
45155A00100115,4281,00115,si,no
45155A00100116,2169,00116,si,no
45155A00100117,2285,00117,si,no
45155A00100118,2048,00118,si,no
45155A00100119,1694,00119,si,no
45155A00100120,14068,00120,si,no
45155A00100121,1328,00121,si,no
45155A00100122,7030,00122,si,no
45155A00100123,1459,00123,si,no
45155A00100124,932,00124,si,no
45155A00100125,4311,00125,si,no
45155A00100126,7120,00126,si,no
45155A00100127,713,00127,si,no
45155A00100128,997,00128,si,no
45155A00100129,1455,00129,si,no
45155A00100130,1790,00130,si,no
45155A00100131,2240,00131,si,no
45155A00100132,1403,00132,si,no
45155A00100133,1723,00133,si,no
45155A00100134,1393,00134,si,no
45155A00100135,17425,00135,si,no
45155A00100136,1300,00136,si,no
45155A00100137,1568,00137,si,no
45155A00100138,2503,00138,si,no
45155A00100139,5319,00139,si,no
45155A00100141,522,00141,si,no
45155A00100144,1256,00144,si,no
45155A00100145,992,00145,si,no
45155A00100146,671,00146,si,no
45155A00100147,1889,00147,si,no
45155A00100148,2169,00148,si,no
45155A00100149,2696,00149,si,no
45155A00100150,2011,00150,si,no
45155A00100151,1606,00151,si,no
45155A00100152,685,00152,si,no
45155A00100153,913,00153,si,no
45155A00100154,3005,00154,si,no
45155A00100155,8703,00155,si,no
45155A00100156,3034,00156,si,no
45155A00100157,4930,00157,si,no
45155A00100158,3316,00158,si,no
45155A00100159,3752,00159,si,no
45155A00100160,2311,00160,si,no
45155A00100161,1261,00161,si,no
45155A00100162,1460,00162,si,no
45155A00100163,884,00163,si,no
45155A00100164,754,00164,si,no
45155A00100165,755,00165,si,no
45155A00100166,956,00166,si,no
45155A00100167,5104,00167,si,no
45155A00100170,850,00170,si,no
45155A00100171,2205,00171,si,no
45155A00100172,1183,00172,si,no
45155A00100173,2430,00173,si,no
45155A00100174,12017,00174,si,no
45155A00100176,3313,00176,si,no
45155A00100177,2379,00177,si,no
45155A00100178,1606,00178,si,no
45155A00100179,6068,00179,si,no
45155A00100180,5391,00180,si,no
45155A00100181,2233,00181,si,no
45155A00100182,1056,00182,si,no
45155A00100183,1163,00183,si,no
45155A00100184,1703,00184,si,no
45155A00100185,8039,00185,si,no
45155A00100187,10559,00187,si,no
45155A00100188,2292,00188,si,no
45155A00100189,2159,00189,si,no
45155A00100190,5269,00190,si,no
45155A00100191,3181,00191,si,no
45155A00100192,1223,00192,si,no
45155A00100193,802,00193,si,no
45155A00100194,1904,00194,si,no
45155A00100195,1153,00195,si,no
45155A00100197,1483,00197,si,no
45155A00100198,1719,00198,si,no
45155A00100199,15040,00199,si,no
45155A00100200,8560,00200,si,no
45155A00100201,5422,00201,si,no
45155A00100202,4022,00202,si,no
45155A00100203,12619,00203,si,no
45155A00100204,1256,00204,si,no
45155A00100205,3017,00205,si,no
45155A00100206,1932,00206,si,no
45155A00100207,8555,00207,si,no
45155A00100208,4502,00208,si,no
45155A00100209,2656,00209,si,no
45155A00100210,6599,00210,si,no
45155A00100211,1391,00211,si,no
45155A00100212,12202,00212,si,no
45155A00100213,7985,00213,si,no
45155A00100214,19852,00214,si,no
45155A00100221,3894,00221,si,no
45155A00100222,1514,00222,si,no
45155A00100223,1461,00223,si,no
45155A00100224,3168,00224,si,no
45155A00100225,2199,00225,si,no
45155A00100226,4668,00226,si,no
45155A00100227,564,00227,si,no
45155A00100228,838,00228,si,no
45155A00100230,2405,00230,si,no
45155A00100231,2357,00231,si,no
45155A00100232,10213,00232,si,no
45155A00100233,2048,00233,si,no
45155A00100234,5433,00234,si,no
45155A00100235,4440,00235,si,no
45155A00100236,3716,00236,si,no
45155A00100237,2518,00237,si,no
45155A00100238,4876,00238,si,no
45155A00100239,2620,00239,si,no
45155A00100240,3279,00240,si,no
45155A00100241,4039,00241,si,no
45155A00100242,4175,00242,si,no
45155A00100243,19794,00243,si,no
45155A00100244,2896,00244,si,no
45155A00100245,4453,00245,si,no
45155A00100246,7392,00246,si,no
45155A00100247,9520,00247,si,no
45155A00100248,15249,00248,si,no
45155A00100249,2033,00249,si,no
45155A00100250,6949,00250,si,no
45155A00100251,2261,00251,si,no
45155A00100252,3567,00252,si,no
45155A00100253,2963,00253,si,no
45155A00100254,5337,00254,si,no
45155A00100255,1801,00255,si,no
45155A00100257,4828,00257,si,no
45155A00100259,1103,00259,si,no
45155A00100260,1930,00260,si,no
45155A00100262,1933,00262,si,no
45155A00100264,636,00264,si,no
45155A00100265,2558,00265,si,no
45155A00100266,2123,00266,si,no
45155A00100267,606,00267,si,no
45155A00100268,1067,00268,si,no
45155A00100270,680,00270,si,no
45155A00100272,2423,00272,si,no
45155A00100273,3277,00273,si,no
45155A00100274,4738,00274,si,no
45155A00100275,17910,00275,si,no
45155A00100276,11125,00276,si,no
45155A00100277,3305,00277,si,no
45155A00100278,6251,00278,si,no
45155A00100279,7778,00279,si,no
45155A00100280,12449,00280,si,no
45155A00100281,9945,00281,si,no
45155A00100282,7684,00282,si,no
45155A00100283,1806,00283,si,no
45155A00100284,1618,00284,si,no
45155A00100285,1662,00285,si,no
45155A00100286,1872,00286,si,no
45155A00100287,2656,00287,si,no
45155A00100288,68431,00288,si,no
45155A00100289,1621,00289,si,no
45155A00100290,1991,00290,si,no
45155A00100291,2310,00291,si,no
45155A00100292,9013,00292,si,no
45155A00100293,1003,00293,si,no
45155A00100295,599,00295,si,no
45155A00100299,1385,00299,si,no
45155A00100300,1698,00300,si,no
45155A00100301,2489,00301,si,no
45155A00100302,4182,00302,si,no
45155A00100303,546,00303,si,no
45155A00100304,1886,00304,si,no
45155A00100305,679,00305,si,no
45155A00110271,1557,10271,si,no
45155A00200001,130207,00001,si,no
45155A00200002,12875,00002,si,no
45155A00200003,33083,00003,si,no
45155A00200004,21148,00004,si,no
45155A00200005,26029,00005,si,no
45155A00200006,7559,00006,si,no
45155A00200007,47502,00007,si,no
45155A00200009,38253,00009,si,no
45155A00200010,15697,00010,si,no
45155A00200013,27816,00013,si,no
45155A00200014,27608,00014,si,no
45155A00200015,6761,00015,si,no
45155A00200016,27008,00016,si,no
45155A00200017,26603,00017,si,no
45155A00200018,24529,00018,si,no
45155A00200021,5709,00021,si,no
45155A00200022,4622,00022,si,no
45155A00200023,33226,00023,si,no
45155A00200024,13911,00024,si,no
45155A00200025,13514,00025,si,no
45155A00200026,12020,00026,si,no
45155A00200027,65158,00027,si,no
45155A00200028,46161,00028,si,no
45155A00200029,71378,00029,si,no
45155A00200030,86031,00030,si,no
45155A00200041,30756,00041,si,no
45155A00200047,65980,00047,si,no
45155A00200066,3841,00066,si,no
45155A00200067,18754,00067,si,no
45155A00200077,41059,00077,si,no
45155A00200078,27676,00078,si,no
45155A00200079,22382,00079,si,no
45155A00200080,36473,00080,si,no
45155A00200081,28093,00081,si,no
45155A00200082,39832,00082,si,no
45155A00200083,33106,00083,si,no
45155A00200084,17223,00084,si,no
45155A00200085,12105,00085,si,no
45155A00200086,6704,00086,si,no
45155A00200087,5162,00087,si,no
45155A00200088,81889,00088,si,no
45155A00300001,201042,00001,si,no
45155A00300003,192456,00003,si,no
45155A00300004,140515,00004,si,no
45155A00300005,165047,00005,si,no
45155A00300006,41598,00006,si,no
45155A00300009,383929,00009,si,no
45155A00300010,128423,00010,si,no
45155A00300013,7564,00013,si,no
45155A00300019,652,00019,si,no
45155A00300020,665,00020,si,no
45155A00300024,41443,00024,si,no
45155A00300025,96159,00025,si,no
45155A00300028,714,00028,si,no
45155A00300029,10908,00029,si,no
45155A00300030,69468,00030,si,no
45155A00300031,11279,00031,si,no
45155A00300032,60305,00032,si,no
45155A00300034,11860,00034,si,no
45155A00300035,7243,00035,si,no
45155A00300036,6636,00036,si,no
45155A00300037,5368,00037,si,no
45155A00300038,12878,00038,si,no
45155A00300040,191736,00040,si,no
45155A00300042,56267,00042,si,no
45155A00300044,6030,00044,si,no
45155A00300045,3364,00045,si,no
45155A00300046,12071,00046,si,no
45155A00300047,25767,00047,si,no
45155A00300048,6651,00048,si,no
45155A00300049,3221,00049,si,no
45155A00300050,2718,00050,si,no
45155A00300051,15217,00051,si,no
45155A00300052,15962,00052,si,no
45155A00300053,3796,00053,si,no
45155A00300054,4588,00054,si,no
45155A00300055,19023,00055,si,no
45155A00300058,21714,00058,si,no
45155A00300059,17823,00059,si,no
45155A00300060,20186,00060,si,no
45155A00300061,11129,00061,si,no
45155A00300062,6803,00062,si,no
45155A00300066,149944,00066,si,no
45155A00300067,63934,00067,si,no
45155A00300069,60370,00069,si,no
45155A00300070,3795,00070,si,no
45155A00300071,7009,00071,si,no
45155A00300072,59505,00072,si,no
45155A00300073,81576,00073,si,no
45155A00300074,6301,00074,si,no
45155A00300075,3895,00075,si,no
45155A00300078,155032,00078,si,no
45155A00300079,20334,00079,si,no
45155A00300080,34029,00080,si,no
45155A00300082,115732,00082,si,no
45155A00300083,10736,00083,si,no
45155A00300084,9523,00084,si,no
45155A00300085,5930,00085,si,no
45155A00300086,6202,00086,si,no
45155A00300087,7935,00087,si,no
45155A00300088,5157,00088,si,no
45155A00300089,4581,00089,si,no
45155A00300090,2629,00090,si,no
45155A00300091,5685,00091,si,no
45155A00300092,51625,00092,si,no
45155A00300093,11362,00093,si,no
45155A00300095,37585,00095,si,no
45155A00300096,12784,00096,si,no
45155A00300098,5621,00098,si,no
45155A00300100,8790,00100,si,no
45155A00300102,4438,00102,si,no
45155A00300103,5850,00103,si,no
45155A00300105,5901,00105,si,no
45155A00300106,4143,00106,si,no
45155A00300107,19209,00107,si,no
45155A00300109,15123,00109,si,no
45155A00300112,2906,00112,si,no
45155A00300114,29762,00114,si,no
45155A00300118,6384,00118,si,no
45155A00300119,10131,00119,si,no
45155A00300120,4940,00120,si,no
45155A00300121,3404,00121,si,no
45155A00300122,5974,00122,si,no
45155A00300123,3724,00123,si,no
45155A00300124,918,00124,si,no
45155A00300128,1492,00128,si,no
45155A00300129,1709,00129,si,no
45155A00300130,648,00130,si,no
45155A00300131,1446,00131,si,no
45155A00300132,1399,00132,si,no
45155A00300133,1343,00133,si,no
45155A00300134,1464,00134,si,no
45155A00300135,2333,00135,si,no
45155A00300136,759,00136,si,no
45155A00300137,523,00137,si,no
45155A00300138,11794,00138,si,no
45155A00300140,1158,00140,si,no
45155A00300144,9724,00144,si,no
45155A00300146,9535,00146,si,no
45155A00300147,2142,00147,si,no
45155A00300148,2577,00148,si,no
45155A00300149,2568,00149,si,no
45155A00300150,3514,00150,si,no
45155A00300152,146674,00152,si,no
45155A00300153,128934,00153,si,no
45155A00300155,4400,00155,si,no
45155A00300156,5514,00156,si,no
45155A00300158,100751,00158,si,no
45155A00300159,14147,00159,si,no
45155A00300160,32630,00160,si,no
45155A00300161,36210,00161,si,no
45155A00300164,5490,00164,si,no
45155A00300165,5816,00165,si,no
45155A00300166,2177,00166,si,no
45155A00300167,15415,00167,si,no
45155A00300168,13505,00168,si,no
45155A00300169,6897,00169,si,no
45155A00300170,10253,00170,si,no
45155A00300171,8706,00171,si,no
45155A00300172,8383,00172,si,no
45155A00300177,3038,00177,si,no
45155A00300178,2112417,00178,si,no
45155A00300180,29295,00180,si,no
45155A00300181,274694,00181,si,no
45155A00300182,120000,00182,si,no
45155A00300184,97309,00184,si,no
45155A00300185,121527,00185,si,no
45155A00310026,54804,10026,si,no
45155A00310056,9777,10056,si,no
45155A00310057,7923,10057,si,no
45155A00310065,1395,10065,si,no
45155A00320026,124898,20026,si,no
45155A00320056,163813,20056,si,no
45155A00320057,116848,20057,si,no
45155A00320065,57891,20065,si,no
45155A00330057,673,30057,si,no
45155A00400001,88356,00001,si,no
45155A00400002,42536,00002,si,no
45155A00400003,79836,00003,si,no
45155A00400004,29915,00004,si,no
45155A00400005,29044,00005,si,no
45155A00400006,29771,00006,si,no
45155A00400007,28034,00007,si,no
45155A00400008,24329,00008,si,no
45155A00400009,23834,00009,si,no
45155A00400010,24679,00010,si,no
45155A00400011,102292,00011,si,no
45155A00400012,48529,00012,si,no
45155A00400013,16879,00013,si,no
45155A00400014,50811,00014,si,no
45155A00400015,24625,00015,si,no
45155A00400016,25171,00016,si,no
45155A00400017,27587,00017,si,no
45155A00400018,57249,00018,si,no
45155A00400019,11638,00019,si,no
45155A00400020,20999,00020,si,no
45155A00400022,3823342,00022,si,no
45155A00400024,26658,00024,si,no
45155A00400025,4542,00025,si,no
45155A00400026,10688,00026,si,no
45155A00400027,3782,00027,si,no
45155A00400028,4788,00028,si,no
45155A00400029,4415,00029,si,no
45155A00400030,11157,00030,si,no
45155A00400031,4746,00031,si,no
45155A00400032,20353,00032,si,no
45155A00410021,1232584,10021,si,no
45155A00420021,656539,20021,si,no
45155A00500002,1188,00002,si,no
45155A00500003,968,00003,si,no
45155A00500004,1448,00004,si,no
45155A00500005,7806,00005,si,no
45155A00500006,678,00006,si,no
45155A00500007,1817,00007,si,no
45155A00500008,1445,00008,si,no
45155A00500009,1407,00009,si,no
45155A00500010,1219,00010,si,no
45155A00500011,13231,00011,si,no
45155A00500013,5333,00013,si,no
45155A00500015,7196,00015,si,no
45155A00500016,14050,00016,si,no
45155A00500017,24123,00017,si,no
45155A00500018,15999,00018,si,no
45155A00500019,8286,00019,si,no
45155A00500020,3442,00020,si,no
45155A00500021,4409,00021,si,no
45155A00500022,4520,00022,si,no
45155A00500023,18959,00023,si,no
45155A00500024,10746,00024,si,no
45155A00500043,6579,00043,si,no
45155A00500044,1184,00044,si,no
45155A00500045,1124,00045,si,no
45155A00500049,8497,00049,si,no
45155A00500051,1804,00051,si,no
45155A00500053,17268,00053,si,no
45155A00500054,20589,00054,si,no
45155A00500057,2346,00057,si,no
45155A00500059,1544,00059,si,no
45155A00500060,838,00060,si,no
45155A00500061,1058,00061,si,no
45155A00500062,894,00062,si,no
45155A00500063,756,00063,si,no
45155A00500064,843,00064,si,no
45155A00500065,1086,00065,si,no
45155A00500066,17526,00066,si,no
45155A00500067,5214,00067,si,no
45155A00500068,30013,00068,si,no
45155A00500069,9794,00069,si,no
45155A00500070,8386,00070,si,no
45155A00500071,4883,00071,si,no
45155A00500072,3644,00072,si,no
45155A00500075,5112,00075,si,no
45155A00500076,3528,00076,si,no
45155A00500077,3512,00077,si,no
45155A00500078,4346,00078,si,no
45155A00500079,4518,00079,si,no
45155A00500080,604,00080,si,no
45155A00500081,1744,00081,si,no
45155A00500083,8352,00083,si,no
45155A00500084,828,00084,si,no
45155A00500085,792,00085,si,no
45155A00500086,659,00086,si,no
45155A00500087,5092,00087,si,no
45155A00500088,730,00088,si,no
45155A00500089,15426,00089,si,no
45155A00500090,1228,00090,si,no
45155A00500091,2103,00091,si,no
45155A00500093,1672,00093,si,no
45155A00500094,1666,00094,si,no
45155A00500095,2547,00095,si,no
45155A00500097,2536,00097,si,no
45155A00500101,4834,00101,si,no
45155A00500102,2164,00102,si,no
45155A00500109,9605,00109,si,no
45155A00500110,3549,00110,si,no
45155A00500111,3798,00111,si,no
45155A00500112,2231,00112,si,no
45155A00500113,582,00113,si,no
45155A00500114,2317,00114,si,no
45155A00500115,2153,00115,si,no
45155A00500116,650,00116,si,no
45155A00500117,2074,00117,si,no
45155A00500118,3135,00118,si,no
45155A00500120,9093,00120,si,no
45155A00500121,5194,00121,si,no
45155A00500122,1297,00122,si,no
45155A00500123,1055,00123,si,no
45155A00500124,598,00124,si,no
45155A00500127,1078,00127,si,no
45155A00500128,3259,00128,si,no
45155A00510119,1282519,10119,si,no
45155A00510126,1138725,10126,si,no
45155A00520119,758295,20119,si,no
45155A00520126,297065,20126,si,no
45155A00530119,693464,30119,si,no
45155A00530126,4741,30126,si,no
45155A00540126,2676,40126,si,no
45155A00600008,8910,00008,si,no
45155A00600011,180584,00011,si,no
45155A00600012,8211,00012,si,no
45155A00600014,638,00014,si,no
45155A00600015,665,00015,si,no
45155A00600016,2679,00016,si,no
45155A00600017,1336,00017,si,no
45155A00600021,1300,00021,si,no
45155A00600022,3683,00022,si,no
45155A00600026,1668,00026,si,no
45155A00600027,1942,00027,si,no
45155A00600028,1858,00028,si,no
45155A00600029,2610,00029,si,no
45155A00600030,1190,00030,si,no
45155A00600031,1791,00031,si,no
45155A00600032,1671,00032,si,no
45155A00600033,2135,00033,si,no
45155A00600034,2684,00034,si,no
45155A00600035,719,00035,si,no
45155A00600037,1804,00037,si,no
45155A00600038,603,00038,si,no
45155A00600040,764,00040,si,no
45155A00600041,1229,00041,si,no
45155A00600042,2221,00042,si,no
45155A00600044,2604,00044,si,no
45155A00600045,2065,00045,si,no
45155A00600046,2981,00046,si,no
45155A00600047,2494,00047,si,no
45155A00600051,3462,00051,si,no
45155A00600052,3243,00052,si,no
45155A00600053,3518,00053,si,no
45155A00600054,10884,00054,si,no
45155A00600055,8418,00055,si,no
45155A00600056,5791,00056,si,no
45155A00600057,6292,00057,si,no
45155A00600059,6763,00059,si,no
45155A00600060,3733,00060,si,no
45155A00600061,8072,00061,si,no
45155A00600062,10706,00062,si,no
45155A00600063,11704,00063,si,no
45155A00600064,12535,00064,si,no
45155A00600065,2925,00065,si,no
45155A00600066,2923,00066,si,no
45155A00600067,5852,00067,si,no
45155A00600069,2925,00069,si,no
45155A00600070,2922,00070,si,no
45155A00600071,2926,00071,si,no
45155A00600072,4969,00072,si,no
45155A00600073,4291,00073,si,no
45155A00600074,2429,00074,si,no
45155A00600092,2843,00092,si,no
45155A00600093,7772,00093,si,no
45155A00600094,5190,00094,si,no
45155A00600114,166445,00114,si,no
45155A00600117,14803,00117,si,si
45155A00600118,26413,00118,si,no
45155A00600128,276599,00128,si,no
45155A00600137,1408,00137,si,no
45155A00600140,1937,00140,si,no
45155A00600141,2203,00141,si,no
45155A00600142,1669,00142,si,no
45155A00600143,7883,00143,si,no
45155A00600144,3185,00144,si,no
45155A00600146,999,00146,si,no
45155A00600147,13840,00147,si,no
45155A00600148,11629,00148,si,no
45155A00610123,524517,10123,si,no
45155A00610128,7117,10128,si,no
45155A00611114,233587,11114,si,no
45155A00612114,283053,12114,si,no
45155A00614114,446820,14114,si,no
45155A00620114,481853,20114,si,no
45155A00620123,4697,20123,si,no
45155A00630114,1607351,30114,si,no
45155A00640114,794928,40114,si,no
45155A00650114,13493,50114,si,no
45155A00660001,61320,60001,si,no
45155A00660002,18013,60002,si,no
45155A00660003,829,60003,si,no
45155A00660004,821,60004,si,no
45155A00660005,2561,60005,si,no
45155A00680114,131263,80114,si,no
45155A00690114,154525,90114,si,no
45155A00700001,5754,00001,si,no
45155A00700002,44144,00002,si,no
45155A00700003,118058,00003,si,no
45155A00700004,17847,00004,si,no
45155A00700006,6313,00006,si,no
45155A00700007,203185,00007,si,no
45155A00700008,7130,00008,si,no
45155A00700010,152016,00010,si,no
45155A00700014,59072,00014,si,no
45155A00700015,136192,00015,si,no
45155A00700016,303705,00016,si,no
45155A00700017,4033,00017,si,no
45155A00700018,3449,00018,si,no
45155A00700019,7630,00019,si,no
45155A00700026,3146,00026,si,no
45155A00700027,1632,00027,si,no
45155A00700028,2071,00028,si,no
45155A00700029,1998,00029,si,no
45155A00700030,1846,00030,si,no
45155A00700031,773,00031,si,no
45155A00700032,8811,00032,si,no
45155A00700033,2924,00033,si,no
45155A00700034,1425,00034,si,no
45155A00700035,1633,00035,si,no
45155A00700036,2367,00036,si,no
45155A00700037,2024,00037,si,no
45155A00700038,3877,00038,si,no
45155A00700039,3775,00039,si,no
45155A00700040,4613,00040,si,no
45155A00700041,902,00041,si,no
45155A00700042,1048,00042,si,no
45155A00700043,728,00043,si,no
45155A00700044,723,00044,si,no
45155A00700045,706,00045,si,no
45155A00700058,898,00058,si,no
45155A00700059,1599,00059,si,no
45155A00700064,997,00064,si,no
45155A00700065,653,00065,si,no
45155A00700068,945,00068,si,no
45155A00700073,552,00073,si,no
45155A00700074,1314,00074,si,no
45155A00700086,632,00086,si,no
45155A00700088,642,00088,si,no
45155A00700089,551,00089,si,no
45155A00700098,2194,00098,si,no
45155A00700152,17166,00152,si,no
45155A00700154,32367,00154,si,no
45155A00700155,102205,00155,si,no
45155A00700156,77882,00156,si,no
45155A00700157,86205,00157,si,no
45155A00700160,28507,00160,si,no
45155A00700161,34483,00161,si,no
45155A00700162,30826,00162,si,no
45155A00700169,30888,00169,si,no
45155A00700170,35093,00170,si,no
45155A00700171,36155,00171,si,no
45155A00700172,78911,00172,si,no
45155A00700173,64545,00173,si,no
45155A00700174,69399,00174,si,no
45155A00700175,22154,00175,si,no
45155A00700176,38166,00176,si,no
45155A00700177,38124,00177,si,no
45155A00700178,38206,00178,si,no
45155A00700179,96140,00179,si,no
45155A00700180,2066,00180,si,no
45155A00700181,1419,00181,si,no
45155A00700182,2057,00182,si,no
45155A00700183,1136,00183,si,no
45155A00700185,31699,00185,si,no
45155A00700186,4801,00186,si,no
45155A00700187,52395,00187,si,si
45155A00700188,52395,00188,si,si
45155A00700189,52395,00189,si,si
45155A00700190,3303,00190,si,no
45155A00710175,15348,10175,si,no
45155A00800003,4822,00003,si,no
45155A00800004,20287,00004,si,no
45155A00810005,583276,10005,si,no
45155A00820005,36800,20005,si,no
45155A00830005,58365,30005,si,no
2P45045P04CAZA,810361,45,si,no
2068501UK5326N,2955,01,si,no
2069401UK5326N,913,01,si,no
2140101UK5324S,79588,01,si,no
2140102UK5324S,29459,02,si,no
2152102UK5325S,1012,02,si,no
2152103UK5325S,703,03,si,no
2152106UK5325S,1594,06,si,no
2152107UK5325S,3141,07,si,no
2152108UK5325S,15817,08,si,no
2152110UK5325S,50346,10,si,no
2152111UK5325S,458461,11,si,no
2152112UK5325S,25666,12,si,si
2152113UK5325S,25660,13,si,si
2152114UK5325S,25666,14,si,si
2152115UK5325S,5102,15,si,no
2169901UK5326N,1284,01,si,no
2169902UK5326N,2572,02,si,no
2169903UK5326N,4446,03,si,no
2170801UK5327S,723,01,si,no
2170802UK5327S,760,02,si,no
2228101UK5322N,324301,01,si,no
2228102UK5322N,13746,02,si,no
2266302UK5326N,1562,02,si,no
2266303UK5326N,940,03,si,no
2266311UK5326N,834,11,si,no
2266319UK5326N,3708,19,si,no
2266322UK5326N,507,22,si,no
2268501UK5326N,1007,01,si,no
2268901UK5326N,4231,01,si,no
2268902UK5326N,3777,02,si,no
2269101UK5326N,2365,01,si,no
2269401UK5326N,1195,01,si,no
2269402UK5326N,887,02,si,no
2270107UK5327S,520,07,si,no
2270108UK5327S,523,08,si,no
2270405UK5327S,1582,05,si,no
2271507UK5327S,594,07,si,no
2271511UK5327S,820,11,si,no
2271512UK5327S,1009,12,si,no
2271513UK5327S,811,13,si,no
2271803UK5327S,1595,03,si,no
2271804UK5327S,1281,04,si,no
2272501UK5327S,1123,01,si,no
2274601UK5327S,21212,01,si,no
2274602UK5327S,824,02,si,no
2274603UK5327S,725,03,si,no
23686B8UK5326N,646,B8,si,no
23686B9UK5326N,1001,B9,si,no
23686C2UK5326N,636,C2,si,no
2368606UK5326N,891,06,si,no
2368608UK5326N,2567,08,si,no
2368609UK5326N,2948,09,si,no
2368610UK5326N,1098,10,si,no
2368611UK5326N,3011,11,si,no
2368612UK5326N,2394,12,si,no
2368613UK5326N,1354,13,si,no
2368614UK5326N,1369,14,si,no
2370101UK5327S,2278,01,si,no
2370402UK5327S,929,02,si,no
2370411UK5327S,1129,11,si,no
2370412UK5327S,609,12,si,no
2371602UK5327S,507,02,si,no
2371607UK5327S,684,07,si,no
2372622UK5327S,661,22,si,no
2372625UK5327S,771,25,si,no
2372645UK5327S,516,45,si,no
2372646UK5327S,516,46,si,no
2372651UK5327S,541,51,si,no
2372654UK5327S,650,54,si,si
2449102UK5324N,2110,02,si,no
2449103UK5324N,549174,03,si,no
2470315UK5327S,1164,15,si,no
2470806UK5327S,790,06,si,no
2471205UK5327S,992,05,si,no
2471519UK5327S,509,19,si,no
2471522UK5327S,627,22,si,no
2471523UK5327S,688,23,si,no
2471536UK5327S,617,36,si,no
2472604UK5327S,961,04,si,no
2472605UK5327S,1461,05,si,no
2472607UK5327S,2073,07,si,no
2472608UK5327S,903,08,si,no
2472612UK5327S,817,12,si,no
2472624UK5327S,541,24,si,no
2472632UK5327S,931,32,si,no
2472637UK5327S,968,37,si,no
2472638UK5327S,1018,38,si,no
2521101UK5322S,817910,01,si,no
2521102UK5322S,716666,02,si,no
2538101UK5323N,293041,01,si,no
2538102UK5323N,302193,02,si,no
2566201UK5326N,1956,01,si,no
2566202UK5326N,1837,02,si,no
2568502UK5326N,673,02,si,no
2568503UK5326N,543,03,si,no
2568504UK5326N,574,04,si,no
2568505UK5326N,652,05,si,no
2568506UK5326N,515,06,si,no
2568507UK5326N,651,07,si,no
2568508UK5326N,652,08,si,no
2568509UK5326N,1171,09,si,no
2568511UK5326N,651,11,si,no
2568512UK5326N,1320,12,si,no
2568513UK5326N,651,13,si,no
2568514UK5326N,652,14,si,no
2568515UK5326N,973,15,si,no
2568516UK5326N,787,16,si,no
2568517UK5326N,800,17,si,no
2568518UK5326N,570,18,si,no
2568519UK5326N,1889,19,si,no
2568520UK5326N,2015,20,si,no
2568521UK5326N,1641,21,si,no
2568522UK5326N,2613,22,si,no
2568523UK5326N,1275,23,si,no
2568525UK5326N,1119,25,si,no
2568526UK5326N,1607,26,si,no
2568527UK5326N,1548,27,si,no
2568528UK5326N,1356,28,si,no
2568529UK5326N,1361,29,si,no
2568531UK5326N,3374,31,si,no
2568536UK5326N,580,36,si,no
2568537UK5326N,516,37,si,no
2568538UK5326N,652,38,si,no
2568539UK5326N,1284,39,si,no
2568540UK5326N,1148,40,si,no
2568541UK5326N,1761,41,si,no
2568542UK5326N,651,42,si,no
2568543UK5326N,757,43,si,no
2570104UK5327S,2790,04,si,no
2571101UK5327S,900,01,si,no
2571301UK5327S,610,01,si,no
2571303UK5327S,1058,03,si,no
2571304UK5327S,576,04,si,no
2610101UK5321S,162516,01,si,no
2610102UK5321S,73105,02,si,no
2670110UK5327S,1503,10,si,no
2670111UK5327S,1487,11,si,no
2670112UK5327S,3027,12,si,no
2670116UK5327S,596,16,si,no
2670120UK5327S,1313,20,si,no
2671102UK5327S,1941,02,si,no
2671103UK5327S,1921,03,si,no
2671104UK5327S,1574,04,si,no
2671106UK5327S,1966,06,si,no
2671107UK5327S,2047,07,si,no
2671108UK5327S,806,08,si,no
2671109UK5327S,1364,09,si,no
2671110UK5327S,1776,10,si,no
2671111UK5327S,1976,11,si,no
2671112UK5327S,668,12,si,no
2709801UK5320N,4634,01,si,no
2733101UK5323N,309783,01,si,no
2752101UK5325S,12921,01,si,no
2752102UK5325S,3312,02,si,no
2752103UK5325S,746,03,si,no
2752104UK5325S,9333,04,si,no
2752105UK5325S,3757,05,si,no
2752106UK5325S,3746,06,si,no
2752107UK5325S,3501,07,si,no
2752108UK5325S,5294,08,si,no
2752109UK5325S,4569,09,si,no
2752110UK5325S,10432,10,si,no
2752112UK5325S,15879,12,si,no
2752113UK5325S,15828,13,si,no
2752114UK5325S,15897,14,si,no
2752115UK5325S,15702,15,si,no
2752116UK5325S,10366,16,si,no
2752117UK5325S,41879,17,si,no
2752119UK5325S,245844,19,si,no
2752120UK5325S,19564,20,si,no
2752121UK5325S,881849,21,si,no
2752122UK5325S,169116,22,si,no
2752123UK5325S,85515,23,si,no
2752124UK5325S,7829,24,si,no
2752125UK5325S,7220,25,si,no
2807901UK5320N,5250,01,si,no
2807902UK5320N,10086,02,si,no
2807903UK5320N,9771,03,si,no
2807904UK5320N,5002,04,si,no
2807905UK5320N,5465,05,si,no
2807906UK5320N,4915,06,si,no
2807907UK5320N,5250,07,si,no
2807908UK5320N,5050,08,si,no
2807909UK5320N,4813,09,si,no
2807910UK5320N,5176,10,si,no
2857302UK5325N,2022,02,si,no
2857303UK5325N,2000,03,si,no
2857304UK5325N,2000,04,si,no
2857305UK5325N,2000,05,si,no
2857306UK5325N,2000,06,si,no
2857308UK5325N,2018,08,si,no
2857309UK5325N,2000,09,si,no
2862101UK5326S,2735,01,si,no
2862102UK5326S,26907,02,si,no
2862103UK5326S,104221,03,si,no
2862105UK5326S,4836,05,si,no
2862106UK5326S,1341,06,si,no
2862107UK5326S,2550,07,si,no
2862108UK5326S,2611,08,si,no
2862109UK5326S,788,09,si,no
2862110UK5326S,918,10,si,no
2862111UK5326S,52395,11,si,no
2862112UK5326S,51909,12,si,no
2905901UK5320N,16690,01,si,no
2905902UK5320N,7729,02,si,no
2909802UK5320N,9191,02,si,no
2909804UK5320N,5031,04,si,no
2909808UK5320N,15753,08,si,no
2953901UK5325S,4529,01,si,no
2953902UK5325S,4540,02,si,no
2953903UK5325S,4393,03,si,no
2953904UK5325S,4526,04,si,no
2953905UK5325S,4645,05,si,no
2953906UK5325S,4325,06,si,no
2953907UK5325S,4491,07,si,no
2953908UK5325S,2726,08,si,no
2953909UK5325S,2674,09,si,no
2956101UK5325N,4354,01,si,no
2956102UK5325N,4411,02,si,no
2956103UK5325N,4297,03,si,no
2956104UK5325N,4420,04,si,no
2956105UK5325N,4548,05,si,no
2956106UK5325N,4499,06,si,no
2956107UK5325N,4484,07,si,no
2956108UK5325N,4497,08,si,no
2956109UK5325N,4339,09,si,no
2956110UK5325N,4545,10,si,no
2956111UK5325N,4520,11,si,no
3008501UK5330N,11758,01,si,no
3008502UK5330N,8291,02,si,no
3008503UK5330N,18356,03,si,no
3010901UK5331S,9154,01,si,no
3016901UK5331N,3234,01,si,no
3016902UK5331N,3476,02,si,no
3016903UK5331N,4221,03,si,no
3016904UK5331N,3282,04,si,no
3016905UK5331N,3478,05,si,no
3016906UK5331N,3670,06,si,no
3023501UK5332S,4726,01,si,no
3023502UK5332S,4001,02,si,no
3023503UK5332S,3062,03,si,no
3023504UK5332S,3469,04,si,no
3023505UK5332S,3953,05,si,no
3023506UK5332S,2462,06,si,no
3059601UK5335N,41047,01,si,no
3106601UK5330N,5440,01,si,no
3106603UK5330N,44272,03,si,no
3106604UK5330N,9579,04,si,no
3106605UK5330N,7944,05,si,no
3106608UK5330N,6153,08,si,no
3106609UK5330N,6451,09,si,no
3106610UK5330N,5142,10,si,no
3106611UK5330N,5011,11,si,no
3106612UK5330N,5057,12,si,no
3106613UK5330N,6959,13,si,no
3110601UK5331S,8023,01,si,no
3110602UK5331S,9008,02,si,no
3110603UK5331S,10200,03,si,no
3118801UK5331N,3536,01,si,no
3118802UK5331N,54381,02,si,no
3118804UK5331N,6136,04,si,no
3118805UK5331N,3404,05,si,no
3118806UK5331N,2378,06,si,no
3118807UK5331N,3018,07,si,no
3118808UK5331N,3236,08,si,no
3118809UK5331N,2683,09,si,no
3118810UK5331N,3919,10,si,no
3118811UK5331N,3750,11,si,no
3118812UK5331N,5090,12,si,no
3118813UK5331N,9260,13,si,no
3118814UK5331N,16268,14,si,no
3151301UK5335S,4491,01,si,no
3151302UK5335S,4465,02,si,no
3151303UK5335S,4517,03,si,no
3151304UK5335S,4512,04,si,no
3151305UK5335S,4519,05,si,no
3151306UK5335S,4437,06,si,no
3151307UK5335S,4289,07,si,no
3151308UK5335S,4871,08,si,no
3151309UK5335S,4534,09,si,no
3151310UK5335S,4500,10,si,no
3151311UK5335S,4510,11,si,no
3151312UK5335S,4458,12,si,no
3151313UK5335S,4587,13,si,no
3151314UK5335S,4344,14,si,no
3151316UK5335S,4217,16,si,no
3151317UK5335S,2815,17,si,no
3151318UK5335S,2514,18,si,no
3156901UK5335N,2781,01,si,no
3156902UK5335N,2781,02,si,no
3156903UK5335N,3198,03,si,no
3156904UK5335N,3141,04,si,no
3156905UK5335N,4073,05,si,no
3156906UK5335N,4005,06,si,no
3156907UK5335N,4053,07,si,no
3156908UK5335N,3968,08,si,no
3156909UK5335N,3974,09,si,no
3156910UK5335N,4013,10,si,no
3156911UK5335N,4004,11,si,no
3156912UK5335N,4025,12,si,no
3156913UK5335N,4400,13,si,no
3156914UK5335N,4484,14,si,no
3156915UK5335N,4488,15,si,no
3156916UK5335N,4529,16,si,no
3156917UK5335N,4692,17,si,no
3156918UK5335N,4334,18,si,no
3209901UK5330N,7150,01,si,no
3209902UK5330N,5912,02,si,no
3222401UK5332S,4406,01,si,no
3222402UK5332S,4878,02,si,no
3222403UK5332S,2931,03,si,no
3222404UK5332S,2540,04,si,no
3222405UK5332S,2609,05,si,no
3222406UK5332S,2620,06,si,no
3222407UK5332S,2258,07,si,no
3222408UK5332S,3010,08,si,no
3222409UK5332S,3216,09,si,no
3222410UK5332S,3537,10,si,no
3222411UK5332S,3587,11,si,no
3222412UK5332S,2797,12,si,no
3222413UK5332S,2965,13,si,no
3222414UK5332S,2684,14,si,no
3222415UK5332S,3747,15,si,no
3222416UK5332S,3321,16,si,no
3222417UK5332S,3061,17,si,no
3222418UK5332S,3380,18,si,no
3222419UK5332S,3049,19,si,no
3222420UK5332S,2538,20,si,no
3222421UK5332S,2845,21,si,no
3222422UK5332S,4891,22,si,no
3222423UK5332S,5543,23,si,no
3222424UK5332S,3571,24,si,no
3222425UK5332S,3078,25,si,no
3222426UK5332S,2892,26,si,no
3222427UK5332S,3297,27,si,no
3222428UK5332S,3634,28,si,no
3222429UK5332S,4073,29,si,no
3222430UK5332S,7257,30,si,no
3222431UK5332S,3120,31,si,no
3222432UK5332S,2776,32,si,no
3222433UK5332S,2634,33,si,no
3222434UK5332S,2656,34,si,no
3222435UK5332S,2541,35,si,no
3222436UK5332S,2961,36,si,no
3222437UK5332S,3227,37,si,no
3222438UK5332S,3660,38,si,no
3222439UK5332S,3307,39,si,no
3222440UK5332S,2544,40,si,no
3222441UK5332S,2657,41,si,no
3247401UK5334N,4509,01,si,no
3247402UK5334N,4521,02,si,no
3247403UK5334N,4494,03,si,no
3247404UK5334N,4473,04,si,no
3247405UK5334N,4514,05,si,no
3247406UK5334N,4453,06,si,no
3247407UK5334N,4390,07,si,no
3247408UK5334N,4427,08,si,no
3247409UK5334N,4363,09,si,no
3247410UK5334N,4319,10,si,no
3247411UK5334N,4334,11,si,no
3247412UK5334N,4776,12,si,no
3247413UK5334N,4473,13,si,no
3247414UK5334N,4372,14,si,no
3247415UK5334N,4362,15,si,no
3247416UK5334N,4523,16,si,no
3247417UK5334N,3323,17,si,no
3247418UK5334N,6636,18,si,no
3247419UK5334N,4476,19,si,no
3247420UK5334N,4436,20,si,no
3247421UK5334N,4393,21,si,no
3247422UK5334N,4439,22,si,no
3247423UK5334N,4516,23,si,no
3247424UK5334N,3307,24,si,no
3252601UK5335S,4500,01,si,no
3252602UK5335S,4027,02,si,no
3252603UK5335S,4000,03,si,no
3252604UK5335S,3986,04,si,no
3252605UK5335S,3983,05,si,no
3252606UK5335S,3986,06,si,no
3252607UK5335S,3867,07,si,no
3252608UK5335S,4085,08,si,no
3252609UK5335S,4105,09,si,no
3252610UK5335S,4127,10,si,no
3252611UK5335S,4103,11,si,no
3252612UK5335S,4061,12,si,no
3252613UK5335S,3766,13,si,no
3252614UK5335S,3495,14,si,no
3252615UK5335S,4760,15,si,no
3252616UK5335S,4780,16,si,no
3252617UK5335S,4774,17,si,no
3252618UK5335S,4617,18,si,no
3252619UK5335S,4682,19,si,no
3252620UK5335S,5178,20,si,no
3252621UK5335S,4378,21,si,no
3252622UK5335S,4510,22,si,no
3252623UK5335S,4469,23,si,no
3252624UK5335S,4514,24,si,no
3260901UK5336S,14899,01,si,no
3260902UK5336S,3963,02,si,no
3313501UK5331S,2856,01,si,no
3313502UK5331S,2748,02,si,no
3313504UK5331S,4498,04,si,no
3313506UK5331S,2508,06,si,no
3313507UK5331S,3134,07,si,no
3313508UK5331S,2712,08,si,no
3313509UK5331S,2687,09,si,no
3313510UK5331S,3202,10,si,no
3313511UK5331S,3848,11,si,no
3313512UK5331S,2421,12,si,no
3313513UK5331S,2826,13,si,no
3313514UK5331S,2256,14,si,no
3313515UK5331S,2633,15,si,no
3313516UK5331S,3035,16,si,no
3317501UK5331N,3185,01,si,no
3317502UK5331N,2792,02,si,no
3317503UK5331N,2707,03,si,no
3317504UK5331N,2776,04,si,no
3317505UK5331N,3197,05,si,no
3317506UK5331N,3134,06,si,no
3317507UK5331N,3051,07,si,no
3317508UK5331N,3360,08,si,no
3317509UK5331N,3475,09,si,no
3317510UK5331N,2463,10,si,no
3317511UK5331N,3023,11,si,no
3317512UK5331N,3015,12,si,no
3317513UK5331N,3085,13,si,no
3317514UK5331N,2928,14,si,no
3317515UK5331N,2533,15,si,no
3317516UK5331N,2413,16,si,no
3317517UK5331N,2804,17,si,no
3317518UK5331N,2738,18,si,no
3317519UK5331N,2793,19,si,no
3317520UK5331N,2626,20,si,no
3317521UK5331N,2904,21,si,no
3317522UK5331N,2919,22,si,no
3317523UK5331N,2956,23,si,no
3317524UK5331N,3009,24,si,no
3317525UK5331N,3701,25,si,no
3317526UK5331N,3291,26,si,no
3317527UK5331N,2799,27,si,no
3317528UK5331N,2900,28,si,no
3317529UK5331N,3516,29,si,no
3317530UK5331N,3187,30,si,no
3317531UK5331N,3566,31,si,no
3317532UK5331N,2235,32,si,no
3317533UK5331N,2595,33,si,no
3317534UK5331N,2671,34,si,no
3317535UK5331N,3092,35,si,no
3317536UK5331N,2815,36,si,no
3317537UK5331N,2962,37,si,no
3317538UK5331N,2977,38,si,no
3317539UK5331N,4649,39,si,no
3357801UK5335N,2737,01,si,no
3357802UK5335N,2491,02,si,no
3357803UK5335N,3544,03,si,no
3357804UK5335N,3571,04,si,no
3357805UK5335N,3982,05,si,no
3357806UK5335N,3933,06,si,no
3357807UK5335N,4039,07,si,no
3357808UK5335N,3966,08,si,no
3357809UK5335N,4027,09,si,no
3357810UK5335N,3994,10,si,no
3357811UK5335N,4002,11,si,no
3357812UK5335N,4035,12,si,no
3357813UK5335N,3981,13,si,no
3357814UK5335N,3991,14,si,no
3357815UK5335N,3992,15,si,no
3357816UK5335N,3973,16,si,no
3357817UK5335N,3967,17,si,no
3357818UK5335N,3926,18,si,no
3357819UK5335N,3975,19,si,no
3357820UK5335N,4000,20,si,no
3357821UK5335N,4098,21,si,no
3357822UK5335N,4056,22,si,no
3357823UK5335N,3985,23,si,no
3357824UK5335N,3996,24,si,no
3357825UK5335N,4051,25,si,no
3421101UK5332S,3223,01,si,no
3421102UK5332S,2574,02,si,no
3421103UK5332S,2357,03,si,no
3421104UK5332S,3971,04,si,no
3421105UK5332S,2761,05,si,no
3421106UK5332S,3063,06,si,no
3421107UK5332S,2775,07,si,no
3421108UK5332S,2923,08,si,no
3421109UK5332S,2979,09,si,no
3421110UK5332S,3218,10,si,no
3421111UK5332S,3089,11,si,no
3421112UK5332S,3078,12,si,no
3421113UK5332S,3013,13,si,no
3421114UK5332S,3417,14,si,no
3521701UK5332S,2955,01,si,no
3521702UK5332S,2613,02,si,no
3521703UK5332S,2554,03,si,no
3521704UK5332S,2575,04,si,no
3521705UK5332S,2780,05,si,no
3521706UK5332S,2731,06,si,no
3521707UK5332S,2797,07,si,no
3521708UK5332S,2756,08,si,no
3521709UK5332S,3095,09,si,no
3521710UK5332S,3125,10,si,no
3521711UK5332S,3206,11,si,no
3521712UK5332S,2578,12,si,no
3525501UK5332N,2258,01,si,no
3525502UK5332N,2601,02,si,no
3525503UK5332N,3494,03,si,no
3525504UK5332N,3376,04,si,no
3525505UK5332N,2797,05,si,no
3525506UK5332N,2725,06,si,no
3525507UK5332N,3439,07,si,no
3525508UK5332N,2797,08,si,no
3525509UK5332N,3117,09,si,no
3525510UK5332N,3163,10,si,no
3527201UK5332N,2673,01,si,no
3527202UK5332N,5340,02,si,no
3527203UK5332N,3992,03,si,no
3527204UK5332N,4927,04,si,no
3527205UK5332N,3446,05,si,no
3527206UK5332N,2877,06,si,no
3527207UK5332N,4291,07,si,no
3527208UK5332N,3275,08,si,no
3527209UK5332N,2875,09,si,no
3527210UK5332N,3726,10,si,no
3527211UK5332N,3190,11,si,no
3527212UK5332N,2974,12,si,no
3527213UK5332N,3240,13,si,no
3527214UK5332N,3604,14,si,no
3532301UK5333S,3631,01,si,no
3532304UK5333S,4314,04,si,no
3532305UK5333S,1845,05,si,no
3532306UK5333S,3365,06,si,no
3532307UK5333S,3280,07,si,no
3532308UK5333S,2989,08,si,no
3532309UK5333S,3203,09,si,no
3532310UK5333S,3098,10,si,no
3532311UK5333S,3138,11,si,no
3532312UK5333S,2892,12,si,no
3532313UK5333S,9638,13,si,no
3532314UK5333S,2681,14,si,no
3532315UK5333S,2647,15,si,no
3532316UK5333S,2504,16,si,no
3535501UK5333N,5275,01,si,no
3535502UK5333N,3628,02,si,no
3535503UK5333N,3780,03,si,no
3535504UK5333N,3701,04,si,no
3543801UK5334S,4315,01,si,no
3543802UK5334S,2597,02,si,no
3543803UK5334S,5057,03,si,no
3543804UK5334S,2777,04,si,no
3543805UK5334S,2898,05,si,no
3543806UK5334S,13341,06,si,no
3543807UK5334S,5231,07,si,no
3543808UK5334S,4756,08,si,no
3543809UK5334S,5687,09,si,no
3543810UK5334S,14805,10,si,no
3543811UK5334S,4872,11,si,no
3543812UK5334S,4951,12,si,no
3543813UK5334S,5006,13,si,no
3543814UK5334S,5240,14,si,no
3543815UK5334S,5223,15,si,no
3543816UK5334S,4744,16,si,no
3543817UK5334S,4737,17,si,no
3543818UK5334S,15017,18,si,no
3543819UK5334S,4316,19,si,no
3543820UK5334S,4310,20,si,no
3543821UK5334S,2694,21,si,no
3543822UK5334S,2500,22,si,no
3547201UK5334N,5024,01,si,no
3547202UK5334N,3877,02,si,no
3547203UK5334N,4979,03,si,no
3547204UK5334N,4425,04,si,no
3547205UK5334N,4485,05,si,no
3547206UK5334N,4393,06,si,no
3547207UK5334N,4233,07,si,no
3547208UK5334N,4012,08,si,no
3547209UK5334N,3769,09,si,no
3547210UK5334N,8025,10,si,no
3547211UK5334N,3785,11,si,no
3547212UK5334N,3954,12,si,no
3547213UK5334N,3965,13,si,no
3547214UK5334N,3910,14,si,no
3547215UK5334N,3268,15,si,no
3547216UK5334N,4519,16,si,no
3547217UK5334N,5577,17,si,no
3547218UK5334N,5563,18,si,no
3547219UK5334N,5763,19,si,no
3547220UK5334N,4436,20,si,no
3547221UK5334N,4429,21,si,no
3547222UK5334N,4672,22,si,no
3547223UK5334N,4410,23,si,no
3547224UK5334N,4506,24,si,no
3547225UK5334N,4414,25,si,no
3547226UK5334N,4970,26,si,no
3552301UK5335S,3962,01,si,no
3552302UK5335S,4064,02,si,no
3552303UK5335S,3909,03,si,no
3552304UK5335S,34830,04,si,no
3552305UK5335S,3971,05,si,no
3552306UK5335S,3935,06,si,no
3552307UK5335S,3900,07,si,no
3552308UK5335S,3903,08,si,no
3552309UK5335S,3698,09,si,no
3552310UK5335S,4417,10,si,no
3552312UK5335S,4092,12,si,no
3552313UK5335S,3985,13,si,no
3552314UK5335S,10295,14,si,no
3552315UK5335S,2713,15,si,no
3552316UK5335S,2637,16,si,no
3552317UK5335S,2545,17,si,no
3552318UK5335S,2427,18,si,no
3552319UK5335S,2412,19,si,no
3552320UK5335S,2408,20,si,no
3552321UK5335S,2403,21,si,no
3552322UK5335S,2396,22,si,no
3557401UK5335N,3340,01,si,no
3557402UK5335N,3023,02,si,no
3557403UK5335N,3576,03,si,no
3557404UK5335N,3712,04,si,no
3557405UK5335N,3870,05,si,no
3557406UK5335N,3989,06,si,no
3557407UK5335N,4017,07,si,no
3557408UK5335N,4301,08,si,no
3557409UK5335N,4148,09,si,no
3557410UK5335N,3907,10,si,no
3557411UK5335N,4117,11,si,no
3557412UK5335N,3971,12,si,no
3557413UK5335N,3986,13,si,no
3557414UK5335N,3935,14,si,no
3557415UK5335N,4634,15,si,no
3557416UK5335N,4029,16,si,no
3557417UK5335N,4016,17,si,no
3557418UK5335N,4013,18,si,no
3557419UK5335N,4028,19,si,no
3557420UK5335N,4000,20,si,no
3557421UK5335N,4088,21,si,no
3557422UK5335N,3997,22,si,no
3557423UK5335N,3986,23,si,no
3557424UK5335N,4051,24,si,no
3557425UK5335N,3945,25,si,no
3557426UK5335N,4075,26,si,no
3557427UK5335N,3871,27,si,no
3560201UK5336S,26553,01,si,no
3560202UK5336S,2514,02,si,no
3560203UK5336S,2223,03,si,no
3615301UK5331N,4724,01,si,no
3615302UK5331N,106796,02,si,no
3615303UK5331N,3422,03,si,no
3615305UK5331N,2562,05,si,no
3615306UK5331N,2555,06,si,no
3615307UK5331N,2568,07,si,no
3615308UK5331N,2976,08,si,no
3615309UK5331N,3254,09,si,no
3615310UK5331N,4627,10,si,no
3615311UK5331N,2529,11,si,no
3615312UK5331N,2500,12,si,no
3615313UK5331N,2500,13,si,no
3618901UK5331N,2971,01,si,no
3618902UK5331N,3027,02,si,no
3618903UK5331N,2885,03,si,no
3618904UK5331N,3060,04,si,no
3618905UK5331N,3680,05,si,no
3618906UK5331N,2399,06,si,no
3618907UK5331N,2404,07,si,no
3618908UK5331N,3269,08,si,no
3618909UK5331N,2756,09,si,no
3618910UK5331N,2320,10,si,no
3618911UK5331N,2942,11,si,no
3618912UK5331N,3553,12,si,no
3618913UK5331N,2688,13,si,no
3618914UK5331N,3142,14,si,no
3618915UK5331N,3075,15,si,no
3618916UK5331N,2419,16,si,no
3632401UK5333S,2944,01,si,no
3632402UK5333S,2370,02,si,no
3632403UK5333S,2659,03,si,no
3632404UK5333S,3128,04,si,no
3632405UK5333S,3528,05,si,no
3632406UK5333S,3628,06,si,no
3632407UK5333S,3521,07,si,no
3632408UK5333S,7912,08,si,no
3632409UK5333S,2943,09,si,no
3632410UK5333S,3349,10,si,no
3632411UK5333S,3104,11,si,no
3632412UK5333S,2843,12,si,no
3632413UK5333S,2908,13,si,no
3632414UK5333S,2749,14,si,no
3632415UK5333S,3507,15,si,no
3632416UK5333S,3341,16,si,no
3632417UK5333S,3143,17,si,no
3632418UK5333S,3188,18,si,no
3632419UK5333S,3153,19,si,no
3632420UK5333S,3660,20,si,no
3632421UK5333S,3727,21,si,no
3632422UK5333S,3080,22,si,no
3632423UK5333S,3224,23,si,no
3632424UK5333S,2943,24,si,no
3632425UK5333S,2853,25,si,no
3632426UK5333S,3068,26,si,no
3722701UK5332S,2909,01,si,no
3722702UK5332S,2893,02,si,no
3722703UK5332S,2919,03,si,no
3722706UK5332S,2980,06,si,no
3722707UK5332S,2990,07,si,no
3722708UK5332S,3068,08,si,no
3722709UK5332S,2917,09,si,no
3722710UK5332S,2671,10,si,no
3722711UK5332S,2548,11,si,no
3722712UK5332S,2703,12,si,no
3722713UK5332S,2938,13,si,no
3722714UK5332S,2954,14,si,no
3722715UK5332S,2940,15,si,no
3722716UK5332S,2859,16,si,no
3722717UK5332S,3020,17,si,no
3722718UK5332S,3191,18,si,no
3722719UK5332S,2948,19,si,no
3722720UK5332S,2315,20,si,no
3722721UK5332S,2981,21,si,no
3722722UK5332S,2767,22,si,no
3722723UK5332S,2952,23,si,no
3722724UK5332S,2958,24,si,no
3722725UK5332S,2946,25,si,no
3722726UK5332S,2822,26,si,no
3722727UK5332S,6166,27,si,no
3722728UK5332S,2699,28,si,no
3724901UK5332S,4759,01,si,no
3724902UK5332S,2667,02,si,no
3724903UK5332S,3473,03,si,no
3724904UK5332S,3031,04,si,no
3724905UK5332S,3143,05,si,no
3724906UK5332S,3162,06,si,no
3724907UK5332S,3781,07,si,no
3724908UK5332S,2400,08,si,no
3724909UK5332S,2435,09,si,no
3724910UK5332S,2954,10,si,no
3724911UK5332S,2623,11,si,no
3724912UK5332S,2670,12,si,no
3724913UK5332S,2173,13,si,no
3724914UK5332S,2595,14,si,no
3724915UK5332S,3478,15,si,no
3724916UK5332S,3165,16,si,no
3724917UK5332S,2853,17,si,no
3724918UK5332S,2760,18,si,no
3724919UK5332S,2395,19,si,no
3724920UK5332S,2501,20,si,no
3727801UK5332N,3225,01,si,no
3727802UK5332N,3453,02,si,no
3727803UK5332N,3153,03,si,no
3727804UK5332N,3172,04,si,no
3727805UK5332N,3172,05,si,no
3727806UK5332N,3196,06,si,no
3727807UK5332N,3235,07,si,no
3727808UK5332N,3141,08,si,no
3727809UK5332N,3014,09,si,no
3727810UK5332N,2937,10,si,no
3727811UK5332N,3508,11,si,no
3727812UK5332N,14667,12,si,no
3727813UK5332N,3155,13,si,no
3727814UK5332N,3800,14,si,no
3727815UK5332N,3087,15,si,no
3727816UK5332N,2819,16,si,no
3727817UK5332N,3286,17,si,no
3727818UK5332N,3210,18,si,no
3727819UK5332N,4155,19,si,no
3727820UK5332N,4469,20,si,no
3727821UK5332N,3366,21,si,no
3727822UK5332N,3298,22,si,no
3727823UK5332N,3172,23,si,no
3727824UK5332N,3172,24,si,no
3737401UK5333N,3343,01,si,no
3737402UK5333N,2901,02,si,no
3737403UK5333N,2880,03,si,no
3737404UK5333N,2728,04,si,no
3737405UK5333N,3253,05,si,no
3737406UK5333N,3279,06,si,no
3737407UK5333N,3864,07,si,no
3737408UK5333N,3220,08,si,no
3737409UK5333N,3032,09,si,no
3737410UK5333N,3009,10,si,no
3737411UK5333N,2684,11,si,no
3737412UK5333N,3340,12,si,no
3737413UK5333N,3104,13,si,no
3737414UK5333N,2784,14,si,no
3737415UK5333N,2741,15,si,no
3737416UK5333N,2851,16,si,no
3737417UK5333N,2605,17,si,no
3737418UK5333N,2554,18,si,no
3737419UK5333N,2725,19,si,no
3737420UK5333N,2780,20,si,no
3737421UK5333N,3167,21,si,no
3737422UK5333N,3292,22,si,no
3737423UK5333N,3078,23,si,no
3737424UK5333N,3753,24,si,no
3741901UK5334S,95644,01,si,no
3741902UK5334S,3001,02,si,no
3744701UK5334S,4519,01,si,no
3744702UK5334S,4504,02,si,no
3744703UK5334S,4517,03,si,no
3744704UK5334S,4193,04,si,no
3744705UK5334S,4078,05,si,no
3744706UK5334S,4102,06,si,no
3744707UK5334S,3605,07,si,no
3744708UK5334S,9138,08,si,no
3744709UK5334S,3526,09,si,no
3744710UK5334S,8584,10,si,no
3744711UK5334S,4015,11,si,no
3744717UK5334S,2500,17,si,no
3748801UK5334N,5051,01,si,no
3748802UK5334N,5460,02,si,no
3748803UK5334N,4453,03,si,no
3748804UK5334N,4841,04,si,no
3748805UK5334N,53156,05,si,no
3748806UK5334N,4413,06,si,no
3748807UK5334N,3991,07,si,no
3748808UK5334N,3592,08,si,no
3748809UK5334N,3460,09,si,no
3748813UK5334N,4224,13,si,no
3748814UK5334N,4098,14,si,no
3748815UK5334N,4273,15,si,no
3748816UK5334N,3530,16,si,no
3748817UK5334N,3678,17,si,no
3748818UK5334N,3579,18,si,no
3748819UK5334N,2753,19,si,no
3748820UK5334N,3039,20,si,no
3748821UK5334N,3941,21,si,no
3748822UK5334N,3067,22,si,no
3748823UK5334N,3143,23,si,no
3748824UK5334N,4557,24,si,no
3748825UK5334N,4426,25,si,no
3748826UK5334N,3137,26,si,no
3748827UK5334N,2888,27,si,no
3748828UK5334N,2887,28,si,no
3748829UK5334N,3019,29,si,no
3748830UK5334N,3062,30,si,no
3750901UK5335S,4632,01,si,no
3750902UK5335S,4153,02,si,no
3750903UK5335S,4619,03,si,no
3816701UK5331N,73877,01,si,no
3818401UK5331N,3033,01,si,no
3818402UK5331N,3480,02,si,no
3818403UK5331N,3279,03,si,no
3818404UK5331N,3042,04,si,no
3818405UK5331N,2858,05,si,no
3818406UK5331N,2892,06,si,no
3818407UK5331N,3020,07,si,no
3818408UK5331N,2929,08,si,no
3818409UK5331N,1277,09,si,no
3818410UK5331N,2277,10,si,no
3818411UK5331N,2875,11,si,no
3818412UK5331N,2810,12,si,no
3818413UK5331N,3249,13,si,no
3818414UK5331N,2883,14,si,no
3818415UK5331N,3052,15,si,no
3818416UK5331N,2933,16,si,no
3828601UK5332N,2649,01,si,no
3828602UK5332N,3963,02,si,no
3828603UK5332N,2736,03,si,no
3828604UK5332N,4875,04,si,no
3828605UK5332N,3710,05,si,no
3828606UK5332N,2656,06,si,no
3828607UK5332N,2971,07,si,no
3828608UK5332N,3944,08,si,no
3828609UK5332N,2600,09,si,no
3828610UK5332N,2888,10,si,no
3828611UK5332N,2719,11,si,no
3828612UK5332N,2550,12,si,no
3828613UK5332N,3027,13,si,no
3828614UK5332N,2522,14,si,no
3828615UK5332N,2703,15,si,no
3828616UK5332N,3198,16,si,no
3828617UK5332N,3401,17,si,no
3828618UK5332N,2880,18,si,no
3828619UK5332N,3233,19,si,no
3828620UK5332N,2951,20,si,no
3828621UK5332N,2984,21,si,no
3828622UK5332N,3043,22,si,no
3828623UK5332N,3011,23,si,no
3828624UK5332N,3062,24,si,no
3828625UK5332N,3255,25,si,no
3828626UK5332N,3469,26,si,no
3830501UK5333S,2946,01,si,no
3830502UK5333S,3111,02,si,no
3830503UK5333S,2667,03,si,no
3830504UK5333S,2394,04,si,no
3830505UK5333S,2871,05,si,no
3830506UK5333S,2762,06,si,no
3830507UK5333S,2759,07,si,no
3834501UK5333S,3659,01,si,no
3834502UK5333S,2568,02,si,no
3834503UK5333S,2787,03,si,no
3834504UK5333S,5097,04,si,no
3834505UK5333S,3263,05,si,no
3834506UK5333S,3254,06,si,no
3853801UK5335S,3986,01,si,no
3853802UK5335S,3911,02,si,no
3853803UK5335S,3695,03,si,no
3853804UK5335S,3200,04,si,no
3853805UK5335S,4010,05,si,no
3853806UK5335S,2707,06,si,no
3853807UK5335S,2652,07,si,no
3853808UK5335S,2527,08,si,no
3853809UK5335S,2797,09,si,no
3853810UK5335S,3231,10,si,no
3853811UK5335S,4878,11,si,no
3853812UK5335S,152511,12,si,no
3853813UK5335S,1823,13,si,no
3853814UK5335S,1650,14,si,no
3853815UK5335S,4238,15,si,no
3853816UK5335S,4074,16,si,no
3853817UK5335S,3901,17,si,no
3853818UK5335S,4046,18,si,no
3853819UK5335S,3900,19,si,no
3853821UK5335S,3945,21,si,no
3853822UK5335S,3977,22,si,no
3853823UK5335S,2505,23,si,no
3853824UK5335S,2504,24,si,no
3857301UK5335N,3455,01,si,no
3857302UK5335N,3775,02,si,no
3857303UK5335N,3662,03,si,no
3857304UK5335N,3273,04,si,no
3857305UK5335N,3016,05,si,no
3857306UK5335N,3518,06,si,no
3857307UK5335N,3799,07,si,no
3857308UK5335N,2895,08,si,no
3857309UK5335N,3577,09,si,no
3857310UK5335N,3694,10,si,no
3857311UK5335N,3441,11,si,no
3857312UK5335N,3696,12,si,no
3857313UK5335N,4178,13,si,no
3857314UK5335N,3867,14,si,no
3857315UK5335N,2686,15,si,no
3857316UK5335N,2537,16,si,no
3857317UK5335N,2191,17,si,no
3857318UK5335N,3192,18,si,no
3857319UK5335N,2863,19,si,no
3857320UK5335N,3905,20,si,no
3857321UK5335N,4032,21,si,no
3857322UK5335N,3975,22,si,no
3857323UK5335N,3835,23,si,no
3857324UK5335N,3014,24,si,no
3857325UK5335N,4041,25,si,no
3857326UK5335N,4076,26,si,no
3859401UK5335N,3939,01,si,no
3859402UK5335N,3803,02,si,no
3859403UK5335N,4084,03,si,no
3859404UK5335N,4000,04,si,no
3859405UK5335N,4131,05,si,no
3859406UK5335N,4286,06,si,no
3859407UK5335N,4090,07,si,no
3921101UK5332S,2992,01,si,no
3921102UK5332S,5520,02,si,no
3921103UK5332S,2892,03,si,no
3921104UK5332S,3374,04,si,no
3921105UK5332S,3508,05,si,no
3921106UK5332S,3733,06,si,no
3921107UK5332S,3383,07,si,no
3921108UK5332S,3154,08,si,no
3921109UK5332S,3238,09,si,no
3921110UK5332S,3220,10,si,no
3921111UK5332S,3148,11,si,no
3921112UK5332S,2413,12,si,no
3921113UK5332S,2847,13,si,no
3932301UK5333S,2695,01,si,no
3932302UK5333S,2606,02,si,no
3932303UK5333S,2686,03,si,no
3932304UK5333S,3839,04,si,no
3932305UK5333S,3882,05,si,no
3932306UK5333S,4138,06,si,no
3932307UK5333S,4382,07,si,no
3932308UK5333S,5123,08,si,no
3932309UK5333S,4870,09,si,no
3932310UK5333S,2788,10,si,no
3932311UK5333S,3047,11,si,no
3932312UK5333S,3302,12,si,no
3932313UK5333S,3023,13,si,no
3932314UK5333S,2859,14,si,no
3932315UK5333S,2716,15,si,no
3937101UK5333N,2886,01,si,no
3937102UK5333N,3005,02,si,no
3937103UK5333N,3570,03,si,no
3937104UK5333N,3953,04,si,no
3937105UK5333N,3937,05,si,no
3937106UK5333N,3205,06,si,no
3937107UK5333N,16942,07,si,no
3937108UK5333N,2882,08,si,no
3937109UK5333N,3636,09,si,no
3937110UK5333N,2921,10,si,no
3937111UK5333N,8378,11,si,no
3937112UK5333N,3492,12,si,no
3937113UK5333N,3712,13,si,no
3937114UK5333N,3928,14,si,no
3937115UK5333N,3431,15,si,no
3937116UK5333N,3578,16,si,no
3937117UK5333N,2365,17,si,no
3944901UK5334S,3438,01,si,no
3944902UK5334S,3243,02,si,no
3944903UK5334S,3378,03,si,no
3947401UK5334N,3599,01,si,no
3947402UK5334N,3984,02,si,no
3947403UK5334N,4474,03,si,no
3947404UK5334N,4615,04,si,no
3947405UK5334N,4608,05,si,no
3947406UK5334N,3877,06,si,no
3949401UK5334N,1654,01,si,no
3949601UK5334N,1003,01,si,no
3949602UK5334N,873,02,si,no
3949603UK5334N,519,03,si,no
3957701UK5335N,4530,01,si,no
3957702UK5335N,2839,02,si,no
3957703UK5335N,2128,03,si,no
3957704UK5335N,2508,04,si,no
3957705UK5335N,3312,05,si,no
3957706UK5335N,3529,06,si,no
3957707UK5335N,3437,07,si,no
4022201UK5342S,2911,01,si,no
4023101UK5342S,2690,01,si,no
4024401UK5342S,2685,01,si,no
4024402UK5342S,2529,02,si,no
4024403UK5342S,2570,03,si,no
4026801UK5342N,3237,01,si,no
4026802UK5342N,3210,02,si,no
4026803UK5342N,3232,03,si,no
4026804UK5342N,2632,04,si,no
4026805UK5342N,2541,05,si,no
4026806UK5342N,2566,06,si,no
4034301UK5343S,3393,01,si,no
4037701UK5343N,3572,01,si,no
4037702UK5343N,4432,02,si,no
4037703UK5343N,2836,03,si,no
4037704UK5343N,3056,04,si,no
4037705UK5343N,4348,05,si,no
4037706UK5343N,3630,06,si,no
4037707UK5343N,3400,07,si,no
4037708UK5343N,3361,08,si,no
4037709UK5343N,4070,09,si,no
4037710UK5343N,3010,10,si,no
4037711UK5343N,4232,11,si,no
4037712UK5343N,3784,12,si,no
4044901UK5344S,3794,01,si,no
4046501UK5344N,4022,01,si,no
4046502UK5344N,3913,02,si,no
4046503UK5344N,3946,03,si,no
4046504UK5344N,3770,04,si,no
4046505UK5344N,3422,05,si,no
4046506UK5344N,4359,06,si,no
4046507UK5344N,3821,07,si,no
4046508UK5344N,3778,08,si,no
4046509UK5344N,3636,09,si,no
4046510UK5344N,3722,10,si,no
4046511UK5344N,4366,11,si,no
4046512UK5344N,4636,12,si,no
4049301UK5344N,864,01,si,no
4049302UK5344N,519,02,si,no
4049304UK5344N,520,04,si,no
4049305UK5344N,530,05,si,no
4050601UK5345S,992,01,si,no
4050602UK5345S,1610,02,si,no
4050603UK5345S,655,03,si,no
4050604UK5345S,1196,04,si,no
4050605UK5345S,1543,05,si,no
4056501UK5345N,3129,01,si,no
4056502UK5345N,2093,02,si,no
4056503UK5345N,2952,03,si,no
4056504UK5345N,2801,04,si,no
4056505UK5345N,2379,05,si,no
4056506UK5345N,4905,06,si,no
4056507UK5345N,4106,07,si,no
4056508UK5345N,3922,08,si,no
4056509UK5345N,3448,09,si,no
4056510UK5345N,3831,10,si,no
4056511UK5345N,3522,11,si,no
4056512UK5345N,3761,12,si,no
4056513UK5345N,3266,13,si,no
4056514UK5345N,2977,14,si,no
4056515UK5345N,2903,15,si,no
4056516UK5345N,2642,16,si,no
4056517UK5345N,2970,17,si,no
4121901UK5342S,41067,01,si,no
4121902UK5342S,4830,02,si,no
4121903UK5342S,3962,03,si,no
4121904UK5342S,1092,04,si,no
4121905UK5342S,3214,05,si,no
4121906UK5342S,3000,06,si,no
4127201UK5342N,3253,01,si,no
4127202UK5342N,2487,02,si,no
4127203UK5342N,2879,03,si,no
4127204UK5342N,2809,04,si,no
4127205UK5342N,3894,05,si,no
4127206UK5342N,2745,06,si,no
4127207UK5342N,2697,07,si,no
4127208UK5342N,2754,08,si,no
4127209UK5342N,2511,09,si,no
4127210UK5342N,2567,10,si,no
4127211UK5342N,2501,11,si,no
4127212UK5342N,2570,12,si,no
4127213UK5342N,2715,13,si,no
4127214UK5342N,2440,14,si,no
4127215UK5342N,2630,15,si,no
4127216UK5342N,2554,16,si,no
4127218UK5342N,3508,18,si,no
4127219UK5342N,2965,19,si,no
4127220UK5342N,2910,20,si,no
4127221UK5342N,2866,21,si,no
4127222UK5342N,3464,22,si,no
4130901UK5343S,2955,01,si,no
4130902UK5343S,3300,02,si,no
4130903UK5343S,6116,03,si,no
4138701UK5343N,2982,01,si,no
4138702UK5343N,3026,02,si,no
4138703UK5343N,3944,03,si,no
4138704UK5343N,5841,04,si,no
4138705UK5343N,2529,05,si,no
4138706UK5343N,2418,06,si,no
4138707UK5343N,2836,07,si,no
4138708UK5343N,3285,08,si,no
4138709UK5343N,3936,09,si,no
4138710UK5343N,4710,10,si,no
4138711UK5343N,3859,11,si,no
4138712UK5343N,3933,12,si,no
4138713UK5343N,7229,13,si,no
4138715UK5343N,2649,15,si,no
4138716UK5343N,3407,16,si,no
4138717UK5343N,3016,17,si,no
4149101UK5344N,1196,01,si,no
4149102UK5344N,537,02,si,no
4149103UK5344N,551,03,si,no
4149104UK5344N,546,04,si,no
4149105UK5344N,576,05,si,no
4149106UK5344N,740,06,si,no
4149107UK5344N,656,07,si,no
4149108UK5344N,3927,08,si,no
4149109UK5344N,3636,09,si,no
4149110UK5344N,3841,10,si,no
4149111UK5344N,3680,11,si,no
4149112UK5344N,3319,12,si,no
4149113UK5344N,4966,13,si,no
4152601UK5345S,3682,01,si,no
4152602UK5345S,3695,02,si,no
4152603UK5345S,3913,03,si,no
4152604UK5345S,4287,04,si,no
4152605UK5345S,3767,05,si,no
4152606UK5345S,3917,06,si,no
4152607UK5345S,4009,07,si,no
4152608UK5345S,4171,08,si,no
4152609UK5345S,4091,09,si,no
4152610UK5345S,5045,10,si,no
4152611UK5345S,4276,11,si,no
4152612UK5345S,4472,12,si,no
4152613UK5345S,4667,13,si,no
4152614UK5345S,4032,14,si,no
4152615UK5345S,1511,15,si,no
4152616UK5345S,1964,16,si,no
4152617UK5345S,984,17,si,no
4152618UK5345S,3555,18,si,no
4152619UK5345S,3019,19,si,no
4152620UK5345S,2266,20,si,no
4152621UK5345S,1563,21,si,no
4152622UK5345S,2179,22,si,no
4152623UK5345S,1845,23,si,no
4152624UK5345S,3912,24,si,no
4152625UK5345S,3013,25,si,no
4152627UK5345S,2866,27,si,no
4152628UK5345S,3897,28,si,no
4152629UK5345S,3877,29,si,no
4152630UK5345S,4034,30,si,no
4152631UK5345S,4772,31,si,no
4152632UK5345S,2907,32,si,no
4152633UK5345S,3010,33,si,no
4152634UK5345S,2812,34,si,no
4152635UK5345S,3003,35,si,no
4152636UK5345S,3037,36,si,no
4218801UK5341N,1192,01,si,no
4218802UK5341N,1283,02,si,no
4218803UK5341N,1281,03,si,no
4218804UK5341N,1252,04,si,no
4218805UK5341N,1215,05,si,no
4218806UK5341N,1189,06,si,no
4218807UK5341N,1195,07,si,no
4218808UK5341N,1207,08,si,no
4218809UK5341N,1201,09,si,no
4218810UK5341N,1212,10,si,no
4218811UK5341N,1247,11,si,no
4218812UK5341N,1087,12,si,no
4218813UK5341N,1081,13,si,no
4218814UK5341N,150026,14,si,no
4218816UK5341N,2792,16,si,no
4218817UK5341N,2733,17,si,no
4218818UK5341N,1191,18,si,no
4218819UK5341N,1789,19,si,no
4218820UK5341N,10096,20,si,no
4220601UK5342S,1535,01,si,no
4220602UK5342S,1152,02,si,no
4220603UK5342S,2347,03,si,no
4220604UK5342S,4100,04,si,no
4220605UK5342S,2643,05,si,no
4220606UK5342S,1772,06,si,no
4220607UK5342S,1851,07,si,no
4220608UK5342S,1494,08,si,no
4220609UK5342S,1198,09,si,no
4224901UK5342S,2925,01,si,no
4224902UK5342S,2925,02,si,no
4224903UK5342S,2870,03,si,no
4224904UK5342S,2966,04,si,no
4224905UK5342S,2968,05,si,no
4224906UK5342S,3011,06,si,no
4224907UK5342S,2513,07,si,no
4224908UK5342S,2494,08,si,no
4224909UK5342S,2537,09,si,no
4224910UK5342S,2499,10,si,no
4224911UK5342S,2504,11,si,no
4224912UK5342S,2491,12,si,no
4224913UK5342S,2491,13,si,no
4224914UK5342S,2545,14,si,no
4224915UK5342S,2441,15,si,no
4224916UK5342S,2528,16,si,no
4224917UK5342S,2935,17,si,no
4224918UK5342S,2959,18,si,no
4224919UK5342S,2984,19,si,no
4224920UK5342S,2956,20,si,no
4224921UK5342S,5827,21,si,no
4224922UK5342S,1125,22,si,no
4224924UK5342S,1652,24,si,no
4228801UK5342N,2886,01,si,no
4228802UK5342N,3217,02,si,no
4228803UK5342N,3073,03,si,no
4228804UK5342N,2903,04,si,no
4228805UK5342N,2846,05,si,no
4228806UK5342N,2842,06,si,no
4228807UK5342N,2732,07,si,no
4228808UK5342N,2813,08,si,no
4228809UK5342N,2484,09,si,no
4228810UK5342N,2584,10,si,no
4228811UK5342N,2315,11,si,no
4228812UK5342N,2143,12,si,no
4228813UK5342N,2249,13,si,no
4228814UK5342N,2256,14,si,no
4228815UK5342N,2412,15,si,no
4228816UK5342N,2620,16,si,no
4228817UK5342N,2619,17,si,no
4228818UK5342N,2921,18,si,no
4228819UK5342N,2665,19,si,no
4228820UK5342N,2776,20,si,no
4228821UK5342N,3183,21,si,no
4228822UK5342N,2981,22,si,no
4228823UK5342N,3268,23,si,no
4228824UK5342N,3203,24,si,no
4228825UK5342N,762,25,si,no
4243101UK5344S,3201,01,si,no
4243103UK5344S,5436,03,si,no
4243106UK5344S,4086,06,si,no
4243107UK5344S,4434,07,si,no
4243108UK5344S,4314,08,si,no
4243109UK5344S,4075,09,si,no
4243110UK5344S,19807,10,si,no
4243111UK5344S,10282,11,si,no
4243112UK5344S,3346,12,si,no
4243113UK5344S,3431,13,si,no
4243114UK5344S,3514,14,si,no
4243115UK5344S,3132,15,si,no
4243116UK5344S,3039,16,si,no
4243117UK5344S,3151,17,si,no
4243118UK5344S,3364,18,si,no
4243119UK5344S,3114,19,si,no
4243120UK5344S,2949,20,si,no
4243121UK5344S,4054,21,si,no
4243122UK5344S,2516,22,si,no
4243123UK5344S,2512,23,si,no
4243124UK5344S,3371,24,si,no
4243125UK5344S,3371,25,si,no
4243126UK5344S,3372,26,si,no
4248601UK5344N,3768,01,si,no
4248602UK5344N,3174,02,si,no
4248603UK5344N,3201,03,si,no
4248604UK5344N,2960,04,si,no
4248605UK5344N,3015,05,si,no
4248606UK5344N,2615,06,si,no
4248607UK5344N,2616,07,si,no
4248608UK5344N,2616,08,si,no
4248609UK5344N,2612,09,si,no
4248610UK5344N,2576,10,si,no
4248611UK5344N,4005,11,si,no
4248612UK5344N,2834,12,si,no
4248613UK5344N,2671,13,si,no
4248614UK5344N,2649,14,si,no
4248615UK5344N,2695,15,si,no
4248616UK5344N,2649,16,si,no
4248617UK5344N,2680,17,si,no
4248618UK5344N,4172,18,si,no
4248619UK5344N,3968,19,si,no
4248620UK5344N,3981,20,si,no
4248621UK5344N,4225,21,si,no
4248622UK5344N,4410,22,si,no
4248623UK5344N,3061,23,si,no
4322501UK5342S,1553,01,si,no
4322502UK5342S,1577,02,si,no
4322503UK5342S,1052,03,si,no
4322504UK5342S,1030,04,si,no
4322505UK5342S,1103,05,si,no
4322506UK5342S,2086,06,si,no
4322508UK5342S,1611,08,si,no
4322509UK5342S,1515,09,si,no
4322510UK5342S,3056,10,si,no
4322511UK5342S,1481,11,si,no
4322512UK5342S,1440,12,si,no
4322513UK5342S,1544,13,si,no
4322514UK5342S,1467,14,si,no
4322515UK5342S,1187,15,si,no
4322516UK5342S,1166,16,si,no
4322517UK5342S,1026,17,si,no
4322518UK5342S,1033,18,si,no
4323901UK5342S,1611,01,si,no
4323902UK5342S,1616,02,si,no
4323903UK5342S,1559,03,si,no
4323904UK5342S,1540,04,si,no
4323905UK5342S,1552,05,si,no
4323906UK5342S,1484,06,si,no
4323907UK5342S,1615,07,si,no
4323908UK5342S,1495,08,si,no
4323909UK5342S,1600,09,si,no
4323910UK5342S,1560,10,si,no
4323911UK5342S,1609,11,si,no
4323912UK5342S,1471,12,si,no
4323913UK5342S,1436,13,si,no
4323914UK5342S,1585,14,si,no
4323915UK5342S,1554,15,si,no
4323916UK5342S,1541,16,si,no
4323917UK5342S,1519,17,si,no
4331401UK5343S,2690,01,si,no
4331402UK5343S,2609,02,si,no
4331403UK5343S,2909,03,si,no
4331404UK5343S,3076,04,si,no
4331405UK5343S,3462,05,si,no
4331406UK5343S,3776,06,si,no
4331407UK5343S,4120,07,si,no
4331408UK5343S,3049,08,si,no
4331409UK5343S,3185,09,si,no
4331410UK5343S,3179,10,si,no
4331411UK5343S,3170,11,si,no
4331412UK5343S,6356,12,si,no
4331413UK5343S,3246,13,si,no
4331414UK5343S,3208,14,si,no
4331415UK5343S,3233,15,si,no
4331416UK5343S,3244,16,si,no
4331417UK5343S,3125,17,si,no
4331418UK5343S,3686,18,si,no
4331419UK5343S,3329,19,si,no
4331420UK5343S,3312,20,si,no
4331421UK5343S,2932,21,si,no
4331422UK5343S,2938,22,si,no
4331423UK5343S,3234,23,si,no
4331424UK5343S,2878,24,si,no
4331425UK5343S,2739,25,si,no
4331427UK5343S,2862,27,si,no
4331428UK5343S,2853,28,si,no
4331429UK5343S,3096,29,si,no
4331430UK5343S,3168,30,si,no
4331431UK5343S,3161,31,si,no
4331432UK5343S,3207,32,si,no
4331433UK5343S,3266,33,si,no
4331434UK5343S,3328,34,si,no
4331435UK5343S,3277,35,si,no
4331436UK5343S,3165,36,si,no
4331437UK5343S,2846,37,si,no
4331438UK5343S,3127,38,si,no
4334901UK5343S,4372,01,si,no
4334902UK5343S,3466,02,si,no
4334903UK5343S,3560,03,si,no
4334904UK5343S,6121,04,si,no
4334905UK5343S,5397,05,si,no
4334906UK5343S,4580,06,si,no
4334907UK5343S,3545,07,si,no
4334908UK5343S,2788,08,si,no
4334909UK5343S,2805,09,si,no
4334910UK5343S,2988,10,si,no
4334911UK5343S,3204,11,si,no
4334912UK5343S,2950,12,si,no
4334913UK5343S,3156,13,si,no
4334914UK5343S,3002,14,si,no
4334915UK5343S,2905,15,si,no
4334916UK5343S,3016,16,si,no
4334917UK5343S,2907,17,si,no
4334918UK5343S,3783,18,si,no
4334919UK5343S,2866,19,si,no
4334920UK5343S,5778,20,si,no
4334921UK5343S,3575,21,si,no
4334922UK5343S,5179,22,si,no
4334923UK5343S,2951,23,si,no
4334924UK5343S,2444,24,si,no
4334925UK5343S,3336,25,si,no
4334926UK5343S,3718,26,si,no
4334927UK5343S,3793,27,si,no
4334928UK5343S,3682,28,si,no
4334929UK5343S,5376,29,si,no
4334930UK5343S,3748,30,si,no
4334931UK5343S,63134,31,si,no
4334932UK5343S,3350,32,si,no
4357101UK5345N,3479,01,si,no
4357102UK5345N,3763,02,si,no
4357103UK5345N,3748,03,si,no
4357104UK5345N,4295,04,si,no
4357105UK5345N,2969,05,si,no
4357106UK5345N,13642,06,si,no
4357107UK5345N,4917,07,si,no
4357108UK5345N,4418,08,si,no
4357109UK5345N,4134,09,si,no
4357110UK5345N,4085,10,si,no
4357111UK5345N,4062,11,si,no
4357112UK5345N,4115,12,si,no
4357113UK5345N,3741,13,si,no
4357114UK5345N,3769,14,si,no
4357115UK5345N,5096,15,si,no
4421164UK5342S,23904,64,si,no
4428901UK5342N,2973,01,si,no
4428902UK5342N,3157,02,si,no
4428903UK5342N,3229,03,si,no
4428904UK5342N,3326,04,si,no
4428905UK5342N,3372,05,si,no
4428906UK5342N,3181,06,si,no
4428907UK5342N,4294,07,si,no
4428908UK5342N,3596,08,si,no
4428909UK5342N,3952,09,si,no
4428910UK5342N,4366,10,si,no
4428911UK5342N,3270,11,si,no
4428912UK5342N,3610,12,si,no
4428913UK5342N,3205,13,si,no
4428914UK5342N,2834,14,si,no
4428915UK5342N,3587,15,si,no
4428916UK5342N,3562,16,si,no
4428917UK5342N,3825,17,si,no
4428918UK5342N,4476,18,si,no
4428919UK5342N,3622,19,si,no
4428920UK5342N,3372,20,si,no
4428921UK5342N,3456,21,si,no
4428922UK5342N,3401,22,si,no
4428923UK5342N,3325,23,si,no
4447201UK5344N,2747,01,si,no
4447202UK5344N,2563,02,si,no
4447203UK5344N,2708,03,si,no
4447204UK5344N,3109,04,si,no
4447205UK5344N,2698,05,si,no
4447206UK5344N,2608,06,si,no
4447207UK5344N,2606,07,si,no
4447208UK5344N,2596,08,si,no
4447209UK5344N,2101,09,si,no
4447210UK5344N,3787,10,si,no
4447211UK5344N,4041,11,si,no
4447212UK5344N,3986,12,si,no
4447213UK5344N,2940,13,si,no
4447214UK5344N,2920,14,si,no
4447215UK5344N,2916,15,si,no
4447216UK5344N,4030,16,si,no
4447217UK5344N,3986,17,si,no
4447218UK5344N,3997,18,si,no
4447219UK5344N,3970,19,si,no
4447220UK5344N,3398,20,si,no
4452401UK5345S,4117,01,si,no
4452402UK5345S,4286,02,si,no
4452403UK5345S,3741,03,si,no
4452404UK5345S,3828,04,si,no
4452405UK5345S,3800,05,si,no
4452406UK5345S,4282,06,si,no
4452407UK5345S,3965,07,si,no
4452408UK5345S,3398,08,si,no
4452409UK5345S,4192,09,si,no
4452410UK5345S,4882,10,si,no
4452411UK5345S,4484,11,si,no
4452412UK5345S,3912,12,si,no
4452413UK5345S,3902,13,si,no
4452414UK5345S,3121,14,si,no
4452415UK5345S,6646,15,si,no
4452416UK5345S,4228,16,si,no
4452417UK5345S,4256,17,si,no
4452418UK5345S,4459,18,si,no
4452419UK5345S,5040,19,si,no
4452420UK5345S,5104,20,si,no
4452421UK5345S,4054,21,si,no
4452422UK5345S,4235,22,si,no
4452423UK5345S,4187,23,si,no
4452424UK5345S,4037,24,si,no
4452425UK5345S,3719,25,si,no
4452426UK5345S,3589,26,si,no
4519501UK5341N,1293,01,si,no
4519801UK5341N,1049,01,si,no
4519802UK5341N,13613,02,si,no
4519803UK5341N,1049,03,si,no
4519804UK5341N,1049,04,si,no
4519805UK5341N,1049,05,si,no
4519806UK5341N,1049,06,si,no
4519807UK5341N,1049,07,si,no
4519808UK5341N,1049,08,si,no
4519809UK5341N,1049,09,si,no
4520501UK5342S,1670,01,si,no
4520502UK5342S,1057,02,si,no
4520503UK5342S,980,03,si,no
4520504UK5342S,912,04,si,no
4520505UK5342S,1007,05,si,no
4520506UK5342S,969,06,si,no
4520507UK5342S,956,07,si,no
4520508UK5342S,955,08,si,no
4520509UK5342S,1064,09,si,no
4520510UK5342S,1016,10,si,no
4520511UK5342S,1043,11,si,no
4520512UK5342S,930,12,si,no
4520513UK5342S,987,13,si,no
4520514UK5342S,1274,14,si,no
4520515UK5342S,981,15,si,no
4520516UK5342S,1010,16,si,no
4520517UK5342S,1125,17,si,no
4520518UK5342S,1180,18,si,no
4520519UK5342S,993,19,si,no
4520520UK5342S,1104,20,si,no
4520521UK5342S,1156,21,si,no
4520522UK5342S,1133,22,si,no
4520523UK5342S,1122,23,si,no
4520524UK5342S,1145,24,si,no
4520525UK5342S,1204,25,si,no
4520526UK5342S,1249,26,si,no
4520527UK5342S,1259,27,si,no
4520528UK5342S,1333,28,si,no
4520529UK5342S,1323,29,si,no
4556401UK5345N,4324,01,si,no
4556402UK5345N,3990,02,si,no
4556403UK5345N,3945,03,si,no
4556404UK5345N,4171,04,si,no
4556405UK5345N,3570,05,si,no
4556406UK5345N,3471,06,si,no
4556407UK5345N,3787,07,si,no
4556408UK5345N,3831,08,si,no
4556409UK5345N,3690,09,si,no
4556410UK5345N,3825,10,si,no
4556411UK5345N,3614,11,si,no
4556412UK5345N,3267,12,si,no
4556413UK5345N,3524,13,si,no
4556414UK5345N,3019,14,si,no
4556415UK5345N,3683,15,si,no
4556416UK5345N,2998,16,si,no
4556417UK5345N,3100,17,si,no
4556418UK5345N,4309,18,si,no
4558401UK5345N,4525,01,si,no
4558402UK5345N,2507,02,si,no
4558403UK5345N,4450,03,si,no
4558404UK5345N,4348,04,si,no
4558405UK5345N,4411,05,si,no
4558406UK5345N,4117,06,si,no
4558407UK5345N,3538,07,si,no
4558408UK5345N,2957,08,si,no
4558409UK5345N,3103,09,si,no
4558410UK5345N,3662,10,si,no
4558411UK5345N,4755,11,si,no
4558412UK5345N,3865,12,si,no
4558413UK5345N,3954,13,si,no
4558414UK5345N,4012,14,si,no
4558415UK5345N,3358,15,si,no
4558416UK5345N,4147,16,si,no
4558417UK5345N,4157,17,si,no
4558418UK5345N,4620,18,si,no
4558419UK5345N,4006,19,si,no
4558421UK5345N,4503,21,si,no
4558422UK5345N,4372,22,si,no
4558423UK5345N,4266,23,si,no
4558424UK5345N,4044,24,si,no
4558425UK5345N,3816,25,si,no
4558426UK5345N,4655,26,si,no
4558427UK5345N,2508,27,si,no
4617801UK5341N,1297,01,si,no
4617802UK5341N,1120,02,si,no
4617803UK5341N,1141,03,si,no
4617804UK5341N,1193,04,si,no
4617805UK5341N,1142,05,si,no
4617806UK5341N,1205,06,si,no
4617807UK5341N,1235,07,si,no
4617808UK5341N,1129,08,si,no
4617809UK5341N,7978,09,si,no
4617810UK5341N,16276,10,si,no
4617811UK5341N,1351,11,si,no
4617812UK5341N,1257,12,si,no
4617813UK5341N,1180,13,si,no
4617814UK5341N,1096,14,si,no
4617815UK5341N,1266,15,si,no
4617816UK5341N,1100,16,si,no
4617817UK5341N,1101,17,si,no
4617818UK5341N,1138,18,si,no
4617819UK5341N,1183,19,si,no
4617820UK5341N,1278,20,si,no
4617821UK5341N,635,21,si,no
4617823UK5341N,8115,23,si,no
4624721UK5342S,848,21,si,no
4624722UK5342S,5070,22,si,no
4624785UK5342S,2547,85,si,no
4624786UK5342S,874,86,si,no
4624787UK5342S,3479,87,si,no
4624789UK5342S,3300,89,si,no
4624790UK5342S,2998,90,si,no
4624791UK5342S,2998,91,si,no
4624792UK5342S,2370,92,si,no
4626701UK5342N,2880,01,si,no
4626702UK5342N,2412,02,si,no
4626703UK5342N,2410,03,si,no
4626704UK5342N,2540,04,si,no
4626705UK5342N,2588,05,si,no
4626706UK5342N,2266,06,si,no
4626707UK5342N,2500,07,si,no
4626708UK5342N,2372,08,si,no
4626709UK5342N,2434,09,si,no
4626710UK5342N,2475,10,si,no
4626711UK5342N,2452,11,si,no
4626712UK5342N,2499,12,si,no
4626713UK5342N,3574,13,si,no
4626714UK5342N,3461,14,si,no
4626715UK5342N,3539,15,si,no
4626716UK5342N,2900,16,si,no
4626717UK5342N,2791,17,si,no
4626718UK5342N,2420,18,si,no
4626719UK5342N,2660,19,si,no
4626720UK5342N,2626,20,si,no
4626721UK5342N,2714,21,si,no
4626722UK5342N,8394,22,si,no
4626723UK5342N,2825,23,si,no
4626724UK5342N,2559,24,si,no
4626725UK5342N,2508,25,si,no
4626726UK5342N,2510,26,si,no
4629201UK5342N,3335,01,si,no
4629202UK5342N,3398,02,si,no
4629203UK5342N,3829,03,si,no
4629204UK5342N,3388,04,si,no
4629205UK5342N,3270,05,si,no
4629206UK5342N,2685,06,si,no
4629207UK5342N,3007,07,si,no
4629208UK5342N,3228,08,si,no
4629209UK5342N,3259,09,si,no
4629210UK5342N,3378,10,si,no
4652401UK5345S,3779,01,si,no
4652402UK5345S,3689,02,si,no
4652403UK5345S,3700,03,si,no
4652404UK5345S,4231,04,si,no
4652405UK5345S,4008,05,si,no
4652406UK5345S,4100,06,si,no
4652407UK5345S,4135,07,si,no
4652408UK5345S,3946,08,si,no
4652409UK5345S,11577,09,si,no
4718701UK5341N,3005,01,si,no
4718702UK5341N,3971,02,si,no
4718703UK5341N,2545,03,si,no
4718704UK5341N,2779,04,si,no
4718705UK5341N,3234,05,si,no
4718707UK5341N,2991,07,si,no
4719701UK5341N,1319,01,si,no
4719702UK5341N,1463,02,si,no
4719703UK5341N,1364,03,si,no
4719704UK5341N,1470,04,si,no
4719705UK5341N,1603,05,si,no
4719706UK5341N,1241,06,si,no
4719707UK5341N,1439,07,si,no
4719708UK5341N,1443,08,si,no
4719709UK5341N,1430,09,si,no
4719710UK5341N,1381,10,si,no
4719711UK5341N,1498,11,si,no
4719712UK5341N,1425,12,si,no
4719713UK5341N,1645,13,si,no
4719714UK5341N,1574,14,si,no
4719715UK5341N,1048,15,si,no
4719716UK5341N,1237,16,si,no
4719717UK5341N,1445,17,si,no
4719718UK5341N,1458,18,si,no
4719719UK5341N,1290,19,si,no
4719720UK5341N,1302,20,si,no
4719721UK5341N,1174,21,si,no
4719722UK5341N,1274,22,si,no
4719723UK5341N,1155,23,si,no
4719724UK5341N,1240,24,si,no
4719725UK5341N,1206,25,si,no
4719726UK5341N,1442,26,si,no
4719727UK5341N,1312,27,si,no
4719728UK5341N,1251,28,si,no
4719729UK5341N,1120,29,si,no
4719730UK5341N,1479,30,si,no
4719731UK5341N,1186,31,si,no
4719732UK5341N,1246,32,si,no
4719733UK5341N,1454,33,si,no
4719734UK5341N,1419,34,si,no
4719735UK5341N,1466,35,si,no
4719736UK5341N,1372,36,si,no
4719737UK5341N,1433,37,si,no
4719738UK5341N,1242,38,si,no
4722401UK5342S,1299,01,si,no
4722402UK5342S,1175,02,si,no
4722403UK5342S,1072,03,si,no
4722404UK5342S,1196,04,si,no
4722405UK5342S,1178,05,si,no
4722406UK5342S,1159,06,si,no
4722407UK5342S,1098,07,si,no
4722408UK5342S,1182,08,si,no
4722409UK5342S,1232,09,si,no
4722410UK5342S,1285,10,si,no
4722411UK5342S,1438,11,si,no
4722412UK5342S,1281,12,si,no
4722413UK5342S,1254,13,si,no
4722414UK5342S,1082,14,si,no
4722415UK5342S,1527,15,si,no
4722416UK5342S,1900,16,si,no
4722417UK5342S,1929,17,si,no
4722418UK5342S,4774,18,si,no
4722419UK5342S,1219,19,si,no
4722420UK5342S,1180,20,si,no
4722421UK5342S,1262,21,si,no
4722422UK5342S,1422,22,si,no
4722423UK5342S,1315,23,si,no
4722424UK5342S,1377,24,si,no
4722425UK5342S,1306,25,si,no
4722426UK5342S,1286,26,si,no
4722427UK5342S,1356,27,si,no
4722428UK5342S,1251,28,si,no
4722429UK5342S,1208,29,si,no
4722430UK5342S,1280,30,si,no
4722431UK5342S,1311,31,si,no
4722432UK5342S,1267,32,si,no
4722433UK5342S,1247,33,si,no
4722434UK5342S,1732,34,si,no
4722435UK5342S,1480,35,si,no
4722436UK5342S,1403,36,si,no
4722437UK5342S,1378,37,si,no
4722438UK5342S,1487,38,si,no
4722439UK5342S,1485,39,si,no
4722440UK5342S,1537,40,si,no
4722441UK5342S,1683,41,si,no
4722442UK5342S,1542,42,si,no
4722443UK5342S,1574,43,si,no
4722444UK5342S,1406,44,si,no
4722445UK5342S,1582,45,si,no
4722446UK5342S,1765,46,si,no
4722447UK5342S,1156,47,si,no
4722448UK5342S,1191,48,si,no
4722449UK5342S,1016,49,si,no
4722450UK5342S,1307,50,si,no
4722451UK5342S,1171,51,si,no
4722452UK5342S,1154,52,si,no
4722453UK5342S,1195,53,si,no
4722454UK5342S,1212,54,si,no
4722455UK5342S,1153,55,si,no
4722456UK5342S,1061,56,si,no
4722457UK5342S,1456,57,si,no
4816801UK5341N,1124,01,si,no
4816802UK5341N,1104,02,si,no
4816803UK5341N,1517,03,si,no
4816804UK5341N,2970,04,si,no
4816805UK5341N,1185,05,si,no
4816806UK5341N,1219,06,si,no
4816807UK5341N,1172,07,si,no
4816809UK5341N,1434,09,si,no
4816810UK5341N,1290,10,si,no
4816811UK5341N,983,11,si,no
4816812UK5341N,987,12,si,no
4816813UK5341N,1155,13,si,no
4816814UK5341N,983,14,si,no
4816815UK5341N,1111,15,si,no
4816816UK5341N,1060,16,si,no
4816817UK5341N,1118,17,si,no
4816818UK5341N,1104,18,si,no
4816819UK5341N,1095,19,si,no
4816820UK5341N,1201,20,si,no
4816821UK5341N,1059,21,si,no
4816822UK5341N,1139,22,si,no
4819801UK5341N,3408,01,si,no
4819802UK5341N,4124,02,si,no
4819803UK5341N,4171,03,si,no
4819804UK5341N,3650,04,si,no
4819805UK5341N,3707,05,si,no
4819806UK5341N,3295,06,si,no
4819807UK5341N,4384,07,si,no
4820916UK5342S,2807,16,si,no
4820917UK5342S,792,17,si,no
4820938UK5342S,2122,38,si,no
4820956UK5342S,2110,56,si,no
4820965UK5342S,1002,65,si,no
4820966UK5342S,1003,66,si,no
4820967UK5342S,2086,67,si,no
4820968UK5342S,932,68,si,no
4820969UK5342S,920,69,si,no
4820970UK5342S,920,70,si,no
4820971UK5342S,920,71,si,no
4821301UK5342S,1422,01,si,no
4821302UK5342S,1113,02,si,no
4821303UK5342S,1383,03,si,no
4821304UK5342S,779,04,si,no
4821305UK5342S,1218,05,si,no
4821306UK5342S,1132,06,si,no
4821307UK5342S,1226,07,si,no
4821308UK5342S,1171,08,si,no
4821309UK5342S,1210,09,si,no
4821310UK5342S,1222,10,si,no
4821311UK5342S,1282,11,si,no
4821312UK5342S,1397,12,si,no
4821313UK5342S,1530,13,si,no
4821314UK5342S,1474,14,si,no
4821315UK5342S,1462,15,si,no
4821316UK5342S,1407,16,si,no
4821317UK5342S,1398,17,si,no
4821318UK5342S,1477,18,si,no
4821319UK5342S,1314,19,si,no
4821320UK5342S,1271,20,si,no
4821321UK5342S,1565,21,si,no
4821322UK5342S,1626,22,si,no
4821323UK5342S,1566,23,si,no
4821325UK5342S,779,25,si,no
4824401UK5342S,996,01,si,no
4824402UK5342S,992,02,si,no
4824403UK5342S,1005,03,si,no
4915901UK5341N,1114,01,si,no
4915902UK5341N,975,02,si,no
4915903UK5341N,1042,03,si,no
4915904UK5341N,941,04,si,no
4915905UK5341N,1124,05,si,no
4915906UK5341N,1051,06,si,no
4915907UK5341N,1013,07,si,no
4916901UK5341N,1080,01,si,no
4916902UK5341N,1240,02,si,no
4916903UK5341N,1197,03,si,no
4916904UK5341N,1207,04,si,no
4917501UK5341N,2393,01,si,no
4917502UK5341N,1110,02,si,no
4917503UK5341N,1079,03,si,no
4917504UK5341N,1042,04,si,no
4917601UK5341N,1000,01,si,no
4917602UK5341N,1179,02,si,no
4917603UK5341N,1130,03,si,no
4917604UK5341N,1145,04,si,no
4917605UK5341N,1187,05,si,no
4917606UK5341N,1209,06,si,no
4918801UK5341N,1047,01,si,no
4918802UK5341N,1352,02,si,no
4918803UK5341N,1284,03,si,no
4918804UK5341N,1173,04,si,no
4918805UK5341N,1091,05,si,no
4918806UK5341N,1311,06,si,no
4918807UK5341N,1120,07,si,no
4918808UK5341N,1039,08,si,no
4918809UK5341N,1066,09,si,no
4918810UK5341N,980,10,si,no
4918811UK5341N,927,11,si,no
4918812UK5341N,994,12,si,no
4918813UK5341N,1015,13,si,no
4918814UK5341N,1227,14,si,no
4918815UK5341N,1020,15,si,no
4918816UK5341N,1101,16,si,no
4918817UK5341N,1330,17,si,no
4918818UK5341N,1524,18,si,no
4918819UK5341N,1209,19,si,no
4918820UK5341N,1224,20,si,no
4920601UK5342S,1597,01,si,no
4920602UK5342S,1298,02,si,no
4920603UK5342S,1055,03,si,no
4920604UK5342S,1286,04,si,no
4920605UK5342S,1416,05,si,no
4920606UK5342S,2915,06,si,no
4924501UK5342S,1071,01,si,no
4924502UK5342S,1131,02,si,no
4924503UK5342S,1109,03,si,no
4924504UK5342S,987,04,si,no
5018301UK5351N,1037,01,si,no
5018302UK5351N,1045,02,si,no
5018303UK5351N,1073,03,si,no
5018304UK5351N,1119,04,si,no
5018501UK5351N,1172,01,si,no
5018502UK5351N,1107,02,si,no
5018503UK5351N,1137,03,si,no
5018504UK5351N,1084,04,si,no
5018505UK5351N,1093,05,si,no
5018506UK5351N,1070,06,si,no
5018507UK5351N,1081,07,si,no
5018508UK5351N,997,08,si,no
5018509UK5351N,906,09,si,no
5018510UK5351N,1176,10,si,no
5018511UK5351N,1212,11,si,no
5018512UK5351N,1160,12,si,no
5018513UK5351N,1209,13,si,no
5018514UK5351N,1279,14,si,no
5018515UK5351N,1187,15,si,no
5018516UK5351N,1127,16,si,no
5018517UK5351N,1193,17,si,no
5018518UK5351N,1345,18,si,no
5018519UK5351N,1158,19,si,no
5018520UK5351N,1191,20,si,no
5018521UK5351N,1213,21,si,no
5020401UK5352S,2651,01,si,no
5020402UK5352S,1300,02,si,no
5020403UK5352S,1171,03,si,no
5020404UK5352S,1176,04,si,no
5020405UK5352S,1189,05,si,no
5020406UK5352S,1127,06,si,no
5020407UK5352S,1451,07,si,no
5020408UK5352S,760,08,si,no
5020409UK5352S,772,09,si,no
5020410UK5352S,2562,10,si,no
5020411UK5352S,1510,11,si,no
5020412UK5352S,1277,12,si,no
5022401UK5352S,1102,01,si,no
5022402UK5352S,3280,02,si,no
5022403UK5352S,1507,03,si,no
5022404UK5352S,1026,04,si,no
5022405UK5352S,1364,05,si,no
5022406UK5352S,1220,06,si,no
5025601UK5352N,1153,01,si,no
5025602UK5352N,1086,02,si,no
5025603UK5352N,995,03,si,no
5025604UK5352N,1342,04,si,no
5025605UK5352N,1250,05,si,no
5025606UK5352N,1433,06,si,no
5025607UK5352N,1150,07,si,no
5025608UK5352N,1097,08,si,no
5025609UK5352N,1110,09,si,no
5025610UK5352N,1179,10,si,no
5026901UK5352N,1024,01,si,no
5026902UK5352N,1105,02,si,no
5026903UK5352N,843,03,si,no
5123901UK5352S,1042,01,si,no
5123902UK5352S,44381,02,si,no
5123903UK5352S,1185,03,si,no
5123904UK5352S,944,04,si,no
5123905UK5352S,1265,05,si,no
5123906UK5352S,1360,06,si,no
5123907UK5352S,1303,07,si,no
5123908UK5352S,1066,08,si,no
5123909UK5352S,1111,09,si,no
5123910UK5352S,1077,10,si,no
5123911UK5352S,1143,11,si,no
5123912UK5352S,1027,12,si,no
5123913UK5352S,1131,13,si,no
5123914UK5352S,980,14,si,no
5123915UK5352S,805,15,si,no
5123916UK5352S,995,16,si,no
5123917UK5352S,2401,17,si,no
5123918UK5352S,1142,18,si,no
5123919UK5352S,1047,19,si,no
5123920UK5352S,1181,20,si,no
5123921UK5352S,1194,21,si,no
5123922UK5352S,1131,22,si,no
5123923UK5352S,1147,23,si,no
5123924UK5352S,1177,24,si,no
5123925UK5352S,1176,25,si,no
5123926UK5352S,1252,26,si,no
5123927UK5352S,1177,27,si,no
5123928UK5352S,1199,28,si,no
5123929UK5352S,1050,29,si,no
5123930UK5352S,1126,30,si,no
5123931UK5352S,1042,31,si,no
5123932UK5352S,1118,32,si,no
5123933UK5352S,1195,33,si,no
5123934UK5352S,1012,34,si,no
5123935UK5352S,1274,35,si,no
5123936UK5352S,1101,36,si,no
5123937UK5352S,1578,37,si,no
5123938UK5352S,1055,38,si,no
5123939UK5352S,1148,39,si,no
5123940UK5352S,1059,40,si,no
5123942UK5352S,1037,42,si,no
5123943UK5352S,1017,43,si,no
5123945UK5352S,1002,45,si,no
5123946UK5352S,1135,46,si,no
5123948UK5352S,893,48,si,no
5123949UK5352S,977,49,si,no
5123950UK5352S,1805,50,si,no
5123951UK5352S,855,51,si,no
5126901UK5352N,1039,01,si,no
5126902UK5352N,991,02,si,no
5126903UK5352N,993,03,si,no
5126904UK5352N,1014,04,si,no
5126905UK5352N,1003,05,si,no
5126906UK5352N,1032,06,si,no
5126907UK5352N,1028,07,si,no
5126908UK5352N,1148,08,si,no
5126909UK5352N,1082,09,si,no
5126910UK5352N,1058,10,si,no
5126911UK5352N,994,11,si,no
5126912UK5352N,968,12,si,no
5126913UK5352N,926,13,si,no
5126914UK5352N,694,14,si,no
5126915UK5352N,2399,15,si,no
5126916UK5352N,1037,16,si,no
5218301UK5351N,1156,01,si,no
5218302UK5351N,48486,02,si,no
5218303UK5351N,1181,03,si,no
5218304UK5351N,1191,04,si,no
5218305UK5351N,1157,05,si,no
5218306UK5351N,1170,06,si,no
5218307UK5351N,1303,07,si,no
5218308UK5351N,2153,08,si,no
5218309UK5351N,1487,09,si,no
5218310UK5351N,1222,10,si,no
5218311UK5351N,1177,11,si,no
5218312UK5351N,1188,12,si,no
5218313UK5351N,1239,13,si,no
5218314UK5351N,1271,14,si,no
5218315UK5351N,1284,15,si,no
5322401UK5352S,1194,01,si,no
5322402UK5352S,1081,02,si,no
5322403UK5352S,1393,03,si,no
5322404UK5352S,1394,04,si,no
5322405UK5352S,1070,05,si,no
5322406UK5352S,1139,06,si,no
5322407UK5352S,1027,07,si,no
5322408UK5352S,1012,08,si,no
5322409UK5352S,1018,09,si,no
5322410UK5352S,1031,10,si,no
5322411UK5352S,1013,11,si,no
5322412UK5352S,1160,12,si,no
5322413UK5352S,1124,13,si,no
5322414UK5352S,1166,14,si,no
5322415UK5352S,1009,15,si,no
5421501UK5352S,983,01,si,no
5421502UK5352S,1021,02,si,no
5421503UK5352S,993,03,si,no
5421504UK5352S,975,04,si,no
5421505UK5352S,1067,05,si,no
5421506UK5352S,926,06,si,no
5421507UK5352S,1082,07,si,no
5421508UK5352S,1073,08,si,no
5421509UK5352S,1105,09,si,no
5421510UK5352S,1136,10,si,no
5421511UK5352S,1048,11,si,no
5421512UK5352S,1085,12,si,no
5421513UK5352S,1007,13,si,no
5421514UK5352S,1089,14,si,no
5421515UK5352S,1027,15,si,no
5421516UK5352S,1041,16,si,no
5421517UK5352S,1077,17,si,no
5421518UK5352S,1150,18,si,no
5421519UK5352S,1075,19,si,no
5421520UK5352S,1203,20,si,no
5421521UK5352S,998,21,si,no
5421522UK5352S,997,22,si,no
5421523UK5352S,1042,23,si,no
5421524UK5352S,1095,24,si,no
5421525UK5352S,1193,25,si,no
5421526UK5352S,1266,26,si,no
5421527UK5352S,933,27,si,no
5421529UK5352S,840,29,si,no
5421532UK5352S,1030,32,si,no
5421533UK5352S,1043,33,si,no
5421534UK5352S,1044,34,si,no
5421535UK5352S,1038,35,si,no
5421536UK5352S,1040,36,si,no
5421537UK5352S,1029,37,si,no
5421538UK5352S,833,38,si,no
5421539UK5352S,8260,39,si,no
5421541UK5352S,1008,41,si,no
5421542UK5352S,1038,42,si,no
5421543UK5352S,1049,43,si,no
5421544UK5352S,1113,44,si,no
5421545UK5352S,1007,45,si,no
5421546UK5352S,1095,46,si,no
5421547UK5352S,1212,47,si,no
5421548UK5352S,1308,48,si,no
5421549UK5352S,1415,49,si,no
5421550UK5352S,1196,50,si,no
5421551UK5352S,13024,51,si,no
5421552UK5352S,3168,52,si,no
5421553UK5352S,1028,53,si,no
5421554UK5352S,1066,54,si,no
5421555UK5352S,1030,55,si,no
5421556UK5352S,1121,56,si,no
5421557UK5352S,1147,57,si,no
5421558UK5352S,1056,58,si,no
5421559UK5352S,1225,59,si,no
5421560UK5352S,1361,60,si,no
5421561UK5352S,1314,61,si,no
5421562UK5352S,1179,62,si,no
5421563UK5352S,1242,63,si,no
5421564UK5352S,977,64,si,no
5421565UK5352S,966,65,si,no
5421566UK5352S,1945,66,si,no
45155A00109001,53613,09001,si,no
45155A00109002,665,09002,si,no
45155A00109003,991,09003,si,no
45155A00209001,8739,09001,si,no
45155A00309001,4374,09001,si,no
45155A00309002,1399,09002,si,no
45155A00309003,3737,09003,si,no
45155A00309004,6075,09004,si,no
45155A00309005,2052,09005,si,no
45155A00309006,4067,09006,si,no
45155A00309007,1524,09007,si,no
45155A00309008,5439,09008,si,no
45155A00309009,710,09009,si,no
45155A00309010,703,09010,si,no
45155A00409001,7372,09001,si,no
45155A00409002,14901,09002,si,no
45155A00409003,2769,09003,si,no
45155A00409004,26759,09004,si,no
45155A00409005,2135,09005,si,no
45155A00509001,65030,09001,si,no
45155A00509002,44344,09002,si,no
45155A00509003,38695,09003,si,no
45155A00509004,78995,09004,si,no
45155A00509005,2936,09005,si,no
45155A00509006,28479,09006,si,no
45155A00609001,52113,09001,si,no
45155A00609002,506,09002,si,no
45155A00609003,2044,09003,si,no
45155A00609004,44157,09004,si,no
45155A00609006,15325,09006,si,no
45155A00609008,2410,09008,si,no
45155A00609012,647,09012,si,no
45155A00609013,3898,09013,si,no
45155A00609014,1122,09014,si,no
45155A00609015,2383,09015,si,no
45155A00609016,4551,09016,si,no
45155A00609018,236062,09018,si,no
45155A00609019,17398,09019,si,no
45155A00609020,6476,09020,si,no
45155A00609021,1479,09021,si,no
45155A00609023,2581,09023,si,no
45155A00609024,1337,09024,si,no
45155A00609025,1955,09025,si,no
45155A00609026,5998,09026,si,no
45155A00609028,28377,09028,si,no
45155A00709001,20036,09001,si,no
45155A00709002,9921,09002,si,no
45155A00709003,1353,09003,si,no
45155A00809001,17280,09001,si,no
45155A00809002,7016,09002,si,no
45155A00809003,89426,09003,si,no
45155A00809004,4458,09004,si,no
45155A00809005,43661,09005,si,no